Date,Month,Year,Site,Rep,Focal.Plant,Neighbor,Assemblage,Site_ID,StemHeight,StemHeight,StemHeight,StemHeight,StemHeight,StemHeight,StemHeight,StemHeight,StemHeight,StemHeight,Avg.SH,Live.Stem.Num,Dead.Stem.Num,AG_Biomass,Avg.CH,Mean.Amm,Mean.Sal,Mean.Nitrate,Mean.UV,FE03.Depth.10,FE03.Depth.20,Pickle.Biomass,Live.Cord.Biomass,Dead.Cord.Biomass,Total.Cord.Biomass,Other.Biomass,Total.Biomass,Other.Genus,Pickle.Root.Biomass,Cord.Root.Biomass,Total.Root.Biomass
8/14/17,August,2017,SDL,C-1,cordgrass,absent,cordgrass,SDL2,39,22,47,36,54,49,52.5,52,48,52,45.15,36,6,,0,,65,,,,,,,,,,,,,,
8/14/17,August,2017,SDL,C-2,cordgrass,absent,cordgrass,SDL2,35,19,33,49,41.5,58,49,55,46,48,43.35,32,16,,0,,,,,,,,,,,,,,,,
8/14/17,August,2017,SDL,C-3,cordgrass,absent,cordgrass,SDL2,56,90,77,84,71,85,77,63,28,42,67.3,47,12,,0,8.099,26,5.083,0.124,,,,,,,,,,,,
8/14/17,August,2017,SDL,C-4,cordgrass,absent,cordgrass,SDL2,35,77,84,46.5,77,42,76.5,76,74,70,65.8,47,8,,0,,,,,,,,,,,,,,,,
8/14/17,August,2017,SDL,C-5,cordgrass,absent,cordgrass,SDL2,68,52,60,86.5,51,64,64,46,45,39,57.55,49,3,,0,-3.717,53,,,,,,,,,,,,,,
8/14/17,August,2017,SDL,C-6,cordgrass,absent,cordgrass,SDL2,50,34,61.5,60,72,74,49,77,69,61,60.75,36,0,,0,-8.294,38,3.033,0.1155,,,,,,,,,,,,
8/14/17,August,2017,SDL,C-7,cordgrass,absent,cordgrass,SDL2,49.5,60,45,52,49.5,62,60,58,67,60,56.3,47,1,,0,,54,,,,,,,,,,,,,,
8/14/17,August,2017,SDL,C-8,cordgrass,absent,cordgrass,SDL2,46.5,31,37.5,38.5,32,44,37,41.5,52.5,47.5,40.8,41,3,,0,,,,,,,,,,,,,,,,
8/14/17,August,2017,SDL,C-10,cordgrass,absent,cordgrass,SDL2,61,71.5,48.5,29,33.5,42,64,68,45.5,57,52,64,4,,0,-5.835,32,1.656,0.1515,,,,,,,,,,,,
9/7/17,September,2017,SDL,C-10,cordgrass,absent,cordgrass,SDL2,54.2,57,55.6,41.2,49,65.3,62.1,41.3,45.2,64.5,53.54,48,6,,0,5.101,26,0.914,0.1135,,,0,,,179.4059,0,179.4059,,,,0
9/7/17,September,2017,SDL,C-9,cordgrass,absent,cordgrass,SDL2,54.2,68.1,37.7,59,54.8,58.5,40.2,51.5,69.2,52,54.52,58,9,,0,6.952,30,-0.323,0.187,,,0,,,196.6297,0,196.6297,,,,0
9/7/17,September,2017,SDL,C-8,cordgrass,absent,cordgrass,SDL2,37.3,52.6,40.6,55.2,45,55.4,56.1,47.5,38.6,42.4,47.07,51,6,,0,,,,,0.086064617,0.286123142,0,,,144.2309,0,144.2309,,,,0
9/7/17,September,2017,SDL,C-7,cordgrass,absent,cordgrass,SDL2,61.2,68.1,61.5,54.4,66,66.4,62.8,54.2,23.1,43.6,56.13,41,8,,0,2.965,55,,,,,0,,,161.0021,0,161.0021,,,,0
9/7/17,September,2017,SDL,C-6,cordgrass,absent,cordgrass,SDL2,39.2,67.8,60.5,54.4,21.3,43.2,55.1,71,60.2,74.1,54.68,34,2,,0,,37,0.737,0.155,0.158214644,0.873282322,0,,,131.6331,0,131.6331,,13.4223,70.2351,83.6574
9/7/17,September,2017,SDL,C-1,cordgrass,absent,cordgrass,SDL2,70.2,66.7,81.5,61,74.6,24.7,45.2,30.5,15.2,22.5,49.21,31,10,,0,20.267,24,-1.772,0.281,,,0,,,166.5949,0,166.5949,,,,0
9/7/17,September,2017,SDL,C-2,cordgrass,absent,cordgrass,SDL2,44.4,52.9,38.5,59.6,37.8,35.6,70.2,54.5,49.9,66.2,50.96,37,15,,0,16.138,45,1.408,0.214,,,0,,,145.078,0,145.078,,,,0
9/7/17,September,2017,SDL,C-3,cordgrass,absent,cordgrass,SDL2,68,64.5,74.1,24.2,64.1,35.4,56,14.6,19.4,39.5,45.98,46,14,,0,8.02,31,7.238,0.1595,0.273996132,0.849854769,0,,,275.5003,0,275.5003,,,,0
9/7/17,September,2017,SDL,C-4,cordgrass,absent,cordgrass,SDL2,100,64.4,80.6,78.5,42.1,36.1,33.1,54.4,68.5,58.3,61.6,34,4,,0,,,,,,,0,,,261.7013,0,261.7013,,,,0
9/7/17,September,2017,SDL,C-5,cordgrass,absent,cordgrass,SDL2,80.8,74.9,69.6,87.2,60.3,63.6,60.2,57.1,63.4,89.6,70.67,62,6,,0,5.956,25,-0.323,0.189,0.034042514,0.738914426,0,,,283.7658,0,283.7658,,,,0
7/11/17,July,2017,SDL,C-1,cordgrass,absent,cordgrass,SDL2,21.4,24.3,19.8,33,20.6,17.9,36.5,20.3,30.7,34.1,25.86,27,16,,0,13.373,36,-1.772,0.261,,,,,,,,,,,,
7/11/17,July,2017,SDL,C-2,cordgrass,absent,cordgrass,SDL2,20.5,31.5,34,41.5,26,31.5,32.4,27.1,18,25,28.75,26,10,,0,33.949,38,4.093,0.2355,,,,,,,,,,,,
7/11/17,July,2017,SDL,C-3,cordgrass,absent,cordgrass,SDL2,51.7,43,25.6,44.5,54.3,49,45.4,44.6,43.1,13.6,41.48,34,22,,0,,55,,,,,,,,,,,,,,
7/11/17,July,2017,SDL,C-4,cordgrass,absent,cordgrass,SDL2,53.4,48.9,56.5,35.5,38.5,38.9,39.5,47.6,45.5,48.5,45.28,26,6,,0,,,,,,,,,,,,,,,,
7/11/17,July,2017,SDL,C-5,cordgrass,absent,cordgrass,SDL2,48.3,48,74.2,42.4,32,23.1,56.4,38.7,35.5,48.6,44.72,32,7,,0,32.886,47,2.998,0.2205,,,,,,,,,,,,
7/11/17,July,2017,SDL,C-6,cordgrass,absent,cordgrass,SDL2,47.5,46.1,20,50.7,29.5,54.6,23.2,49.1,46.6,21.8,38.91,30,2,,0,,51,,,,,,,,,,,,,,
7/11/17,July,2017,SDL,C-7,cordgrass,absent,cordgrass,SDL2,32.1,41.3,31.5,47.4,28.3,35.1,48.4,44,31.2,42.6,38.19,31,6,,0,,,,,,,,,,,,,,,,
7/11/17,July,2017,SDL,C-8,cordgrass,absent,cordgrass,SDL2,36.5,27.6,29.2,25.3,30,35.3,39.5,32.6,27.9,28.1,31.2,24,11,,0,,,,,,,,,,,,,,,,
7/11/17,July,2017,SDL,C-9,cordgrass,absent,cordgrass,SDL2,32.5,20.6,28,29.7,24.4,34.9,47,48.5,36.2,39,34.08,44,10,,0,,52,,,,,,,,,,,,,,
7/11/17,July,2017,SDL,C-10,cordgrass,absent,cordgrass,SDL2,37.1,25.2,28.4,21,26.3,19.5,41.5,27.2,26,26.6,27.88,41,6,,0,1.306,64,,,,,,,,,,,,,,
6/7/17,June,2017,SDL,C-1,cordgrass,absent,cordgrass,SDL2,18.5,26,39,17,25,22.5,22,21,26.5,24.5,24.2,25,10,,0,-25.613,,,,,,,,,,,,,,,
6/7/17,June,2017,SDL,C-2,cordgrass,absent,cordgrass,SDL2,26,34,20,16.5,33,27,24,27.5,21.5,22,25.15,31,13,,0,128.552,20,0.878,0.238,,,,,,,,,,,,
6/7/17,June,2017,SDL,C-3,cordgrass,absent,cordgrass,SDL2,30,30.5,28,33.5,31,19,34,33.5,32,29,30.05,30,22,,0,-5.114,26,7.344,0.1395,,,,,,,,,,,,
6/7/17,June,2017,SDL,C-4,cordgrass,absent,cordgrass,SDL2,33,45,23,26,23,36,38,43,39,44.5,35.05,30,8,,0,,,,,,,,,,,,,,,,
6/7/17,June,2017,SDL,C-5,cordgrass,absent,cordgrass,SDL2,31,43,48.5,21,31.5,36.5,35.5,34,37.6,28.5,34.71,32,5,,0,19.793,32,0.454,0.204,,,,,,,,,,,,
6/7/17,June,2017,SDL,C-6,cordgrass,absent,cordgrass,SDL2,26.5,37,24,32,44,34,48,18.5,39.5,12,31.55,15,2,,0,7.571,34,-0.005,0.0955,,,,,,,,,,,,
6/7/17,June,2017,SDL,C-7,cordgrass,absent,cordgrass,SDL2,24,26,33.5,30.5,18.5,36.5,42,29,27.5,25,29.25,20,5,,0,2.002,10,2.715,0.08,,,,,,,,,,,,
6/7/17,June,2017,SDL,C-8,cordgrass,absent,cordgrass,SDL2,25,22,32,13,12.5,21.5,26,25,30.5,29,23.65,26,13,,0,,,,,,,,,,,,,,,,
6/7/17,June,2017,SDL,C-9,cordgrass,absent,cordgrass,SDL2,32,22.5,34,17.5,28,23,31,24.5,34.5,19,26.6,50,12,,0,,,,,,,,,,,,,,,,
6/7/17,June,2017,SDL,C-10,cordgrass,absent,cordgrass,SDL2,32,23.5,22,15.5,24,20,15.5,28.5,19.5,18.5,21.9,45,4,,0,-9.291,20,-3.23,0.0975,,,,,,,,,,,,
5/10/17,May,2017,SDL,C-1,cordgrass,absent,cordgrass,SDL2,39.2,18.4,32.4,38.1,14.5,18.6,12.2,21.3,15.7,18.3,22.87,21,23,,0,,,,,,,,,,,,,,,,
5/10/17,May,2017,SDL,C-2,cordgrass,absent,cordgrass,SDL2,11.9,14.4,22.9,21.1,19.4,16.3,27.2,14.3,30.2,19.4,19.71,30,36,,0,,,,,,,,,,,,,,,,
5/10/17,May,2017,SDL,C-3,cordgrass,absent,cordgrass,SDL2,28.6,27.1,28.9,22.4,21.4,23.2,22.8,44.3,21.4,17.8,25.79,32,22,,0,,,,,,,,,,,,,,,,
5/10/17,May,2017,SDL,C-4,cordgrass,absent,cordgrass,SDL2,28.4,35.1,34.7,23.5,17.2,31.7,24.6,27.4,18.3,29.7,27.06,25,13,,0,,,,,,,,,,,,,,,,
5/10/17,May,2017,SDL,C-5,cordgrass,absent,cordgrass,SDL2,24.2,22.2,32.9,29.7,24.3,22.7,33.1,20.5,24.3,17.8,25.17,31,10,,0,,,,,,,,,,,,,,,,
5/10/17,May,2017,SDL,C-6,cordgrass,absent,cordgrass,SDL2,26.1,26.9,37.3,40.8,30.1,23.7,30.9,21.7,36.5,29.8,30.38,16,11,,0,,,,,,,,,,,,,,,,
5/10/17,May,2017,SDL,C-7,cordgrass,absent,cordgrass,SDL2,26.1,15.3,28.2,22.3,21.4,38.7,37.6,23.4,27.6,22.9,26.35,17,10,,0,,,,,,,,,,,,,,,,
5/10/17,May,2017,SDL,C-8,cordgrass,absent,cordgrass,SDL2,23.5,20.2,25.5,25,26,27,17.5,26.2,20.2,27.5,23.86,25,11,,0,,,,,,,,,,,,,,,,
5/10/17,May,2017,SDL,C-9,cordgrass,absent,cordgrass,SDL2,19.5,29.5,28.9,23.4,24,28.1,31.4,28.4,22,31.4,26.66,47,14,,0,,,,,,,,,,,,,,,,
5/10/17,May,2017,SDL,C-10,cordgrass,absent,cordgrass,SDL2,18,15.2,15.9,22.3,18.2,23.5,17.9,29.8,20.5,27.5,20.88,43,11,,0,,,,,,,,,,,,,,,,
5/26/16,May,2016,KF,C-1,cordgrass,absent,cordgrass,KF1,9.3,10.4,3.9,19.4,6.1,9.3,13.5,15.4,13.5,11.9,11.27,16,,,0,,,,,,,,,,,,,,,,
5/26/16,May,2016,KF,C-2,cordgrass,absent,cordgrass,KF1,16.6,19.1,10.6,10.8,22.4,19.8,19.9,12.2,11.1,26.6,16.91,15,,,0,,,,,,,,,,,,,,,,
5/26/16,May,2016,KF,C-3,cordgrass,absent,cordgrass,KF1,13,15,13.2,25.8,15.1,18.2,19.1,20.8,13,22.9,17.61,16,,,0,,,,,,,,,,,,,,,,
5/26/16,May,2016,KF,C-4,cordgrass,absent,cordgrass,KF1,21.5,18,8.3,9,18.5,2,12.1,27,5.2,11.2,13.28,32,,,0,,,,,,,,,,,,,,,,
5/26/16,May,2016,KF,C-5,cordgrass,absent,cordgrass,KF1,14.2,16.5,12.4,11,4.4,14.8,14,15.8,8,8.9,12,24,,,0,,,,,,,,,,,,,,,,
5/26/16,May,2016,KF,C-6,cordgrass,absent,cordgrass,KF1,18.4,16.9,18.8,16.5,12,16.8,14.2,18.9,18.6,16.1,16.72,37,,,0,,,,,,,,,,,,,,,,
5/26/16,May,2016,KF,C-7,cordgrass,absent,cordgrass,KF1,11,16.6,15.3,16.8,10.8,9.5,17,16.8,15.1,21.8,15.07,30,,,0,,,,,,,,,,,,,,,,
6/23/16,June,2016,KF,C-1,cordgrass,absent,cordgrass,KF1,14.5,13,123,20.5,18,10,16.4,13.5,18.5,12.8,26.02,,,,0,,,,,,,,,,,,,,,,
6/23/16,June,2016,KF,C-2,cordgrass,absent,cordgrass,KF1,26.8,24,19.6,22,28.7,15.4,20.2,18.5,29,10,21.42,,,,0,,,,,,,,,,,,,,,,
6/23/16,June,2016,KF,C-3,cordgrass,absent,cordgrass,KF1,13.6,21,19.4,21.8,25.2,2.1,18.5,19.4,0,0,17.625,,,,0,,,,,,,,,,,,,,,,
6/23/16,June,2016,KF,C-4,cordgrass,absent,cordgrass,KF1,6.5,12.4,13.4,15.2,9.4,15.1,15.9,16,8.9,11.5,12.43,,,,0,,,,,,,,,,,,,,,,
6/23/16,June,2016,KF,C-5,cordgrass,absent,cordgrass,KF1,14.4,19.6,17.5,16.3,20,11.1,13.6,16.6,10.5,6.5,14.61,,,,0,,,,,,,,,,,,,,,,
6/23/16,June,2016,KF,C-6,cordgrass,absent,cordgrass,KF1,19.5,22.4,17.2,15.3,14.4,13,25.6,21.3,21.2,24.7,19.46,,,,0,,,,,,,,,,,,,,,,
6/23/16,June,2016,KF,C-7,cordgrass,absent,cordgrass,KF1,16.1,18.5,18.9,19.4,22,20.5,14.4,17.5,5,12.6,16.49,,,,0,,,,,,,,,,,,,,,,
7/21/16,July,2016,KF,C-1,cordgrass,absent,cordgrass,KF1,27,12.5,12.5,36,37,28.5,19.5,32.5,11,32.5,24.9,24,,,0,9.631,34,0.075,0.349,,,,,,,,,,,,
7/21/16,July,2016,KF,C-2,cordgrass,absent,cordgrass,KF1,45.5,20,37.5,33,9,31.5,42,28,31,42,31.95,16,,,0,24.309,42,0.03,0.769,,,,,,,,,,,,
7/21/16,July,2016,KF,C-3,cordgrass,absent,cordgrass,KF1,29.5,30.5,0,0,0,0,0,0,0,0,30,2,,,0,58.206,36,0.057,0.908,,,,,,,,,,,,
7/21/16,July,2016,KF,C-4,cordgrass,absent,cordgrass,KF1,6.5,16,7,17.5,8.8,2,15,1.5,2,2.5,7.88,14,,,0,80.202,40,-0.005,0.848,,,,,,,,,,,,
7/21/16,July,2016,KF,C-5,cordgrass,absent,cordgrass,KF1,19.5,17,6,7.5,29,18.2,19.5,20,21,14,17.17,28,,,0,15.493,43,-0.449,0.4885,,,,,,,,,,,,
7/21/16,July,2016,KF,C-6,cordgrass,absent,cordgrass,KF1,31.3,23.4,34.7,20.1,19.6,21.2,25.4,21.1,27.6,24.2,24.86,28,,,0,,,,,,,,,,,,,,,,
7/21/16,July,2016,KF,C-7,cordgrass,absent,cordgrass,KF1,23.2,4.9,18.2,19.4,25.1,19.8,25.6,18.4,13.8,22.8,19.12,21,,,0,102.55,40,0.279,1.1105,,,,,,,,,,,,
8/16/16,August,2016,KF,C-1,cordgrass,absent,cordgrass,KF1,90,61,50,38.5,61,36,23,8,40,8.5,41.6,24,,,0,11.268,36,5.39,0.9055,,,,,,,,,,,,
8/16/16,August,2016,KF,C-2,cordgrass,absent,cordgrass,KF1,18.5,77,78.5,47,20,77,14,37,25,61,45.5,17,,,0,16.696,39,3.069,0.896,,,,,,,,,,,,
8/16/16,August,2016,KF,C-3,cordgrass,absent,cordgrass,KF1,0,0,0,0,0,0,0,0,0,0,0,0,,,0,16.848,36,3.151,0.1665,,,,,,,,,,,,
8/16/16,August,2016,KF,C-4,cordgrass,absent,cordgrass,KF1,15,9,2.5,0,0,0,0,0,0,0,8.833,3,,,0,83.121,38,3.162,0.655,,,,,,,,,,,,
8/16/16,August,2016,KF,C-5,cordgrass,absent,cordgrass,KF1,38.6,4.5,17.2,28.2,19.4,8.1,21.6,25.6,23.6,28.2,21.5,19,,,0,5.918,40,2.905,0.485,,,,,,,,,,,,
8/16/16,August,2016,KF,C-6,cordgrass,absent,cordgrass,KF1,23.7,28.1,32.4,49.2,5.3,25.4,9.8,36.6,39.2,24.7,27.44,21,,,0,28.085,37,2.915,0.244,,,,,,,,,,,,
8/16/16,August,2016,KF,C-7,cordgrass,absent,cordgrass,KF1,21.4,12.4,9.2,18.1,23.5,34.5,28.6,5.8,8.2,9.5,17.12,17,,,0,70.585,38,2.587,0.4645,,,,,,,,,,,,
9/8/16,September,2016,KF,C-1,cordgrass,absent,cordgrass,KF1,66.8,9.5,64,5.9,28.5,17.8,65.2,6.5,50.2,17.4,33.18,17,,,0,0.491,45,1.396,0.388,,,0,58.8,18.8,77.6,0,77.6,,,,
9/8/16,September,2016,KF,C-2,cordgrass,absent,cordgrass,KF1,56.5,38,11.7,37.1,63.7,72,58.9,52.2,31.4,24.5,44.6,20,,,0,24.321,45,-0.213,1.099,,,0,72.7,18,90.7,0,90.7,,,,
9/8/16,September,2016,KF,C-3,cordgrass,absent,cordgrass,KF1,0,0,0,0,0,0,0,0,0,0,0,0,,,0,47.274,45,0.802,0.7255,,,0,0,12.4,12.4,0,12.4,,,,
9/8/16,September,2016,KF,C-4,cordgrass,absent,cordgrass,KF1,2.9,4,3,0,0,0,0,0,0,0,3.3,3,,,0,157.694,45,0.199,0.878,,,0,0.7,19.1,19.8,0,19.8,,,,
9/8/16,September,2016,KF,C-5,cordgrass,absent,cordgrass,KF1,44.4,23.1,10.5,55,20.8,26.8,42.8,30,23,34.2,31.06,26,,,0,49.39,45,0.616,0.0375,,,0,48.5,16.7,65.2,0,65.2,,,,
9/8/16,September,2016,KF,C-6,cordgrass,absent,cordgrass,KF1,40.1,50.5,11,43,30.1,21.1,30.9,22.2,67.5,31.5,34.79,40,,,0,23.956,45,0.226,0.5315,,,0,73.8,26,99.8,0,99.8,,,,
9/8/16,September,2016,KF,C-7,cordgrass,absent,cordgrass,KF1,13.8,17.4,5,46.1,26.2,47.5,8.5,23,13,9.8,21.03,15,,,0,115.301,43,2.012,0.2405,,,0,43.6,35.4,79,0,79,,,,
6/7/16,June,2016,SDL,C-1,cordgrass,absent,cordgrass,SDL1,31.5,32,23,34,23,28,29,23,26.5,22,27.2,,,,0,,,,,,,,,,,,,,,,
6/7/16,June,2016,SDL,C-2,cordgrass,absent,cordgrass,SDL1,13.5,20,21,20.5,19,22,14.5,16,18,14,17.85,,,,0,,,,,,,,,,,,,,,,
6/7/16,June,2016,SDL,C-3,cordgrass,absent,cordgrass,SDL1,24,10,20,21,27,20.5,27.5,22,24,26,22.2,,,,0,,,,,,,,,,,,,,,,
6/7/16,June,2016,SDL,C-4,cordgrass,absent,cordgrass,SDL1,11,22,12,18.5,19,16.5,8.5,25,23,17.5,17.3,,,,0,,,,,,,,,,,,,,,,
6/7/16,June,2016,SDL,C-5,cordgrass,absent,cordgrass,SDL1,18,21,21.5,29,29,29,20.5,23,28.5,14,23.35,,,,0,,,,,,,,,,,,,,,,
6/7/16,June,2016,SDL,C-6,cordgrass,absent,cordgrass,SDL1,25,15.5,9,35,18.5,22,26,36.5,22,12,22.15,,,,0,,,,,,,,,,,,,,,,
6/7/16,June,2016,SDL,C-7,cordgrass,absent,cordgrass,SDL1,24,25.5,20,12.5,18,19,17.5,22,25,17.5,20.1,,,,0,,,,,,,,,,,,,,,,
6/7/16,June,2016,SDL,C-8,cordgrass,absent,cordgrass,SDL1,18,27,24,14,27.5,12.5,18.5,16.5,21.5,23,20.25,,,,0,,,,,,,,,,,,,,,,
7/6/16,July,2016,SDL,C-1,cordgrass,absent,cordgrass,SDL1,38.7,13.9,16.6,28.4,24.5,51.9,34.3,12.1,19.3,29.2,26.89,35,,,0,24.248,46,-0.224,0.78,,,,,,,,,,,,
7/6/16,July,2016,SDL,C-2,cordgrass,absent,cordgrass,SDL1,20.3,284,28.3,27.2,19.6,27.3,15.4,19.9,17.1,16.6,47.57,26,,,0,30.74,45,-0.174,1.235,,,,,,,,,,,,
7/6/16,July,2016,SDL,C-3,cordgrass,absent,cordgrass,SDL1,32.6,33.7,35.6,24.5,25.6,27.1,40.3,46.4,21.7,16.38,30.388,19,,,0,83.331,43,0.561,1.397,,,,,,,,,,,,
7/6/16,July,2016,SDL,C-4,cordgrass,absent,cordgrass,SDL1,18.9,11.4,14.4,14.3,6.1,25.6,25.2,12.7,12.4,18.3,15.93,16,,,0,40.879,30,1.044,0.7725,,,,,,,,,,,,
7/6/16,July,2016,SDL,C-5,cordgrass,absent,cordgrass,SDL1,11.6,12.4,45,22.7,17.6,27.2,25.4,16.3,20.5,9.5,20.82,36,,,0,42.63,55,-0.345,1.252,,,,,,,,,,,,
7/6/16,July,2016,SDL,C-6,cordgrass,absent,cordgrass,SDL1,36.6,37.2,38.4,11.2,21.7,33.9,15.2,16.1,12.2,37.2,25.97,24,,,0,10.39,47,-0.385,1.1485,,,,,,,,,,,,
7/6/16,July,2016,SDL,C-7,cordgrass,absent,cordgrass,SDL1,23.5,28.5,28.5,31.8,57,33,25.5,31,30.5,27.5,31.68,26,,,0,7.034,51,-0.848,1.341,,,,,,,,,,,,
7/6/16,July,2016,SDL,C-8,cordgrass,absent,cordgrass,SDL1,14.5,12,31,16,22.8,23.5,29.5,39,21.5,20,22.98,30,,,0,15.787,51,-0.314,0.8725,,,,,,,,,,,,
8/2/16,August,2016,SDL,C-1,cordgrass,absent,cordgrass,SDL1,62.5,28,54,46.5,37,63,49,42.5,60,33.5,47.6,,,,0,77.706,43,-0.691,0.6535,,,,,,,,,,,,
8/2/16,August,2016,SDL,C-2,cordgrass,absent,cordgrass,SDL1,67.5,54,42,36,34.5,30,43,38,38,44.5,42.75,,,,0,23.697,44,-1.342,1.2585,,,,,,,,,,,,
8/2/16,August,2016,SDL,C-3,cordgrass,absent,cordgrass,SDL1,71,21,25,19.5,25,34,63.5,50,56,66.5,43.15,,,,0,18.698,45,0.269,0.8545,,,,,,,,,,,,
8/2/16,August,2016,SDL,C-4,cordgrass,absent,cordgrass,SDL1,63.5,47,14.5,50,21,35,29,26.5,14,21,32.15,,,,0,2.601,31,-1.057,1.0175,,,,,,,,,,,,
8/2/16,August,2016,SDL,C-5,cordgrass,absent,cordgrass,SDL1,39,40,52,18,27,41,51,63,49,30,41,,,,0,131.222,49,-0.65,0.9075,,,,,,,,,,,,
8/2/16,August,2016,SDL,C-6,cordgrass,absent,cordgrass,SDL1,38.5,37.5,45,35.5,28,61,64.8,42,18,44,41.43,,,,0,18.584,47,-0.821,0.6965,,,,,,,,,,,,
8/2/16,August,2016,SDL,C-7,cordgrass,absent,cordgrass,SDL1,29.8,36,29.7,42,29.5,30.5,50,39.5,52,49.5,38.85,,,,0,25.061,41,0.627,1.0515,,,,,,,,,,,,
8/2/16,August,2016,SDL,C-8,cordgrass,absent,cordgrass,SDL1,22,19.5,35.5,36.2,37,15,33,29.8,27,36.8,29.18,,,,0,48.846,51,-1.431,0.8705,,,,,,,,,,,,
9/6/16,September,2016,SDL,C-1,cordgrass,absent,cordgrass,SDL1,93.5,78.9,92.7,60.7,91.2,87.6,71.3,92.7,75.2,86.5,83.03,39,,,0,58.166,47,-0.044,1.232,,,0,140.2,24.5,164.7,0,164.7,,,,
9/6/16,September,2016,SDL,C-2,cordgrass,absent,cordgrass,SDL1,75.9,73.1,74.9,76.4,36.8,36.2,58.1,90.6,55.2,90.5,66.77,31,,,0,19.872,49,-0.526,0.9555,,,0,120.7,6.3,127,0,127,,,,
9/6/16,September,2016,SDL,C-3,cordgrass,absent,cordgrass,SDL1,50.2,88.4,78.6,82.9,73.1,74.5,42.4,82,68.6,73.7,71.44,33,,,0,10.098,45,-0.314,0.9565,,,0,108.2,7.5,115.7,0,115.7,,,,
9/6/16,September,2016,SDL,C-4,cordgrass,absent,cordgrass,SDL1,28.6,7.2,10.6,6.8,10.5,6.1,7.5,8.6,5.3,7.2,9.84,21,,,0,2.585,40,0.072,,,,0,9.4,16.3,25.7,0,25.7,,,,
9/6/16,September,2016,SDL,C-5,cordgrass,absent,cordgrass,SDL1,84.5,68.4,76.3,81.9,32.7,63.1,82.2,94.3,83.8,31.7,69.89,49,,,0,85.519,55,-0.825,1.0925,,,0,198.7,21.1,219.8,0,219.8,,,,
9/6/16,September,2016,SDL,C-6,cordgrass,absent,cordgrass,SDL1,57.7,52.4,77.3,18.8,18.5,52.1,69.5,39,65.6,66.1,51.7,35,,,0,4.7,54,-0.661,1.196,,,0,92.4,5.4,97.8,0,97.8,,,,
9/6/16,September,2016,SDL,C-7,cordgrass,absent,cordgrass,SDL1,81.6,59.7,45,38.1,47.2,27.4,30.6,23,76.6,23.5,45.27,32,,,0,10.244,60,-0.921,1,,,0,132.4,18.3,150.7,0,150.7,,,,
9/6/16,September,2016,SDL,C-8,cordgrass,absent,cordgrass,SDL1,43.6,19.3,29.5,42.9,55.6,53.7,55,61.1,50.4,36.8,44.79,35,,,0,8.056,56,-0.188,1.078,,,0,165.8,21.1,186.9,0,186.9,,,,
5/10/16,May,2016,SDL,C-1,cordgrass,absent,cordgrass,SDL1,16.2,17.6,18.4,28.6,17.8,15.6,20.5,18.4,23.4,26.3,20.28,29,,,0,,,,,,,,,,,,,,,,
5/10/16,May,2016,SDL,C-2,cordgrass,absent,cordgrass,SDL1,13.4,18.2,17.3,11,18.8,15.4,11.5,13.4,19.8,20.3,15.91,23,,,0,,,,,,,,,,,,,,,,
5/10/16,May,2016,SDL,C-3,cordgrass,absent,cordgrass,SDL1,11,18.6,17.4,10.6,21.4,17.8,15.5,27.6,19.7,20.1,17.97,17,,,0,,,,,,,,,,,,,,,,
5/10/16,May,2016,SDL,C-4,cordgrass,absent,cordgrass,SDL1,14.4,17.8,18.6,16.5,24.8,22.1,18.2,13.6,23.9,0,19.877,9,,,0,,,,,,,,,,,,,,,,
5/10/16,May,2016,SDL,C-5,cordgrass,absent,cordgrass,SDL1,18,16.4,20.3,16.5,15.3,18.6,20.4,24.4,18.6,16.3,18.48,26,,,0,,,,,,,,,,,,,,,,
5/10/16,May,2016,SDL,C-6,cordgrass,absent,cordgrass,SDL1,9.6,5.8,8.9,16.8,9.4,11,19.4,18.5,32,8.4,13.98,15,,,0,,,,,,,,,,,,,,,,
5/10/16,May,2016,SDL,C-7,cordgrass,absent,cordgrass,SDL1,14.1,16.2,24,20,18.7,21.4,18.6,18.4,8.2,23.1,18.27,18,,,0,,,,,,,,,,,,,,,,
5/10/16,May,2016,SDL,C-8,cordgrass,absent,cordgrass,SDL1,26.5,11.1,12.3,10.4,14.4,23.5,25.2,15.4,25.2,14.8,17.88,17,,,0,,,,,,,,,,,,,,,,
4/21/16,April,2016,KF,C-1,cordgrass,absent,cordgrass,KF1,9.4,3.9,13.8,6,9.7,11.2,10.7,8.9,11.4,12.7,9.77,15,,,0,,,,,,,,,,,,,,,,
4/21/16,April,2016,KF,C-2,cordgrass,absent,cordgrass,KF1,9.8,10,18.7,15.5,12.1,10.4,16.2,10.1,18.6,20.4,14.18,15,,,0,,,,,,,,,,,,,,,,
4/21/16,April,2016,KF,C-3,cordgrass,absent,cordgrass,KF1,19,13.4,23.4,12.8,13.7,15.4,21.6,19.5,17.4,20.1,17.63,14,,,0,,,,,,,,,,,,,,,,
4/21/16,April,2016,KF,C-4,cordgrass,absent,cordgrass,KF1,9,9.7,11.1,10.7,12.1,11.2,20.4,11.8,12.2,12.7,12.09,23,,,0,,,,,,,,,,,,,,,,
4/21/16,April,2016,KF,C-5,cordgrass,absent,cordgrass,KF1,13.3,11.4,12.9,10.3,7.3,12.9,14.4,12.8,12.4,7.9,11.56,17,,,0,,,,,,,,,,,,,,,,
4/21/16,April,2016,KF,C-6,cordgrass,absent,cordgrass,KF1,15.4,18.9,16,13.3,17.1,17.2,13.8,5.1,13.1,6.8,13.67,28,,,0,,,,,,,,,,,,,,,,
4/21/16,April,2016,KF,C-7,cordgrass,absent,cordgrass,KF1,12.4,20.6,24.1,17.4,18.9,17.2,12.1,17.4,7.9,16.1,16.41,27,,,0,,,,,,,,,,,,,,,,
8/14/17,August,2017,SDL,C+1,cordgrass,present,mixed,SDL2,47,31,31,29,37.5,31.5,40,34.5,49,33.5,36.4,23,16,,37.5,-7.269,25,2.115,0.1595,,,,,,,,,,,,
8/14/17,August,2017,SDL,C+2,cordgrass,present,mixed,SDL2,34,40,48.5,52.5,47,48,46,39,41,43.5,43.95,33,6,,37,-0.029,34,2.362,0.222,,,,,,,,,,,,
8/14/17,August,2017,SDL,C+3,cordgrass,present,mixed,SDL2,41,40,43,45,39.5,41.5,65,50,50.5,37,45.25,31,3,,35.5,-5.971,37,4.729,0.1575,,,,,,,,,,,,
8/14/17,August,2017,SDL,C+4,cordgrass,present,mixed,SDL2,51,55,32,57,67,60,57,40.5,84,60,56.35,24,9,,39.5,,,,,,,,,,,,,,,,
8/14/17,August,2017,SDL,C+5,cordgrass,present,mixed,SDL2,91,41,57,35,28,64,68,37,70,67,55.8,24,2,,51.25,,,,,,,,,,,,,,,,
8/14/17,August,2017,SDL,C+6,cordgrass,present,mixed,SDL2,47.5,93,66,48,58,96,85,75,64.5,61,69.4,29,1,,55,,,,,,,,,,,,,,,,
8/14/17,August,2017,SDL,C+7,cordgrass,present,mixed,SDL2,89,71,64,38,44,38,55,53,65,47,56.4,24,7,,54,,,,,,,,,,,,,,,,
8/14/17,August,2017,SDL,C+8,cordgrass,present,mixed,SDL2,78,44,48,41.5,29,49,44.5,39,43,44.5,46.05,29,4,,51.5,,,,,,,,,,,,,,,,
8/14/17,August,2017,SDL,C+10,cordgrass,present,mixed,SDL2,38,31,44,31.5,49.5,82.5,51,47,45,38,45.75,32,10,,49,-7.406,26,3.669,0.1365,,,,,,,,,,,,
8/14/17,August,2017,SDL,C+9,cordgrass,present,mixed,SDL2,72,85,67.5,79,70,84,59,99.5,89,62,76.7,33,4,,51,-3.308,25,2.291,0.0735,,,,,,,,,,,,
9/7/17,September,2017,SDL,C+10,cordgrass,present,mixed,SDL2,41.3,49.7,44.2,76.6,72.4,91.7,34.5,38.1,62,41.1,55.16,27,19,,40.85,2.253,,,,,,145.5521,,,226.565,0,372.1171,,,,0
9/7/17,September,2017,SDL,C+9,cordgrass,present,mixed,SDL2,76.7,84.5,70.8,69.8,58.4,43,68.8,77.9,77.5,47.6,67.5,36,12,,48.1,8.875,27,2.715,0.1085,0.112771395,0.54555837,162.0499,,,388.7577,0,550.8076,,11.8842,43.0451,54.9293
9/7/17,September,2017,SDL,C+8,cordgrass,present,mixed,SDL2,53.4,46.5,52,70.8,58.3,37.9,54.6,44.2,54.3,59.9,53.19,37,18,,52.55,,,,,0.200770878,0.062774886,129.4368,,,156.9494,0,286.3862,,,,0
9/7/17,September,2017,SDL,C+7,cordgrass,present,mixed,SDL2,68.5,46,49.8,53.6,60.1,89.8,28.7,69.8,56.9,44.2,56.74,28,19,,48.65,11.937,22,3.139,0.17,0.239195897,0.689042249,155.3355,,,122.414,0,277.7495,,42.5273,26.3677,68.895
9/7/17,September,2017,SDL,C+6,cordgrass,present,mixed,SDL2,65,68.2,38.4,58.1,63.2,76.1,52.1,43,49.8,60.2,57.41,34,9,,51.5,18.63,35,2.327,0.2445,,,172.8384,,,162.8105,0,335.6489,,,,0
9/7/17,September,2017,SDL,C+5,cordgrass,present,mixed,SDL2,70.4,75.5,56.6,71.3,48.2,50.1,49.4,50,67,46.6,58.51,34,7,,52.5,3.107,53,,-0.001,,,146.9886,,,146.4103,0,293.3989,,6.5959,68.6795,75.2754
9/7/17,September,2017,SDL,C+1,cordgrass,present,mixed,SDL2,67.4,61.9,34.6,28.5,48.8,34.5,34.5,34.8,43.6,69.9,45.85,22,13,,34.35,7.095,35,-1.171,,,,,,,101.226,0,101.226,,,,0
9/7/17,September,2017,SDL,C+2,cordgrass,present,mixed,SDL2,71.5,40.1,41.3,54,42.1,52,44.3,44.6,38.1,59.3,48.73,32,13,,34,8.02,26,3.705,0.135,,,104.0157,,,225.9234,0,329.9391,,6.5004,160.8908,167.3912
9/7/17,September,2017,SDL,C+3,cordgrass,present,mixed,SDL2,75.2,56.4,37.3,66.6,57.5,51.9,55.5,57.8,48.2,46.5,55.29,29,6,,38.6,0.829,21,6.39,0.3005,,,105.5972,,,109.0942,0,214.6914,,,,0
9/7/17,September,2017,SDL,C+4,cordgrass,present,mixed,SDL2,84,64.9,31.2,71,59.5,20.2,34.7,58.6,57.7,66.9,54.87,28,14,,47.65,,,,,0.582254852,0.557387046,69.8264,,,129.3558,0,199.1822,,,,0
7/11/17,July,2017,SDL,C+1,cordgrass,present,mixed,SDL2,60.6,33.5,36.5,29.4,31.2,26.5,34,30.7,39,29,35.04,12,8,,32.15,-10.761,56,,0.1715,,,,,,,,,,,,
7/11/17,July,2017,SDL,C+2,cordgrass,present,mixed,SDL2,44.5,30.6,33.5,41.4,32.1,29.5,32.7,25.3,36.4,35,34.1,36,12,,30.35,-4.882,40,1.338,0.1575,,,,,,,,,,,,
7/11/17,July,2017,SDL,C+3,cordgrass,present,mixed,SDL2,28.1,30.5,30.4,26.2,44,37.6,28.8,42.3,38.1,31.7,33.77,26,14,,38.2,-3.258,50,10.771,,,,,,,,,,,,,
7/11/17,July,2017,SDL,C+4,cordgrass,present,mixed,SDL2,44,45.8,30.6,31.4,46.2,33.7,45,33.2,32.6,33.1,37.56,15,16,,39.75,,,,,,,,,,,,,,,,
7/11/17,July,2017,SDL,C+5,cordgrass,present,mixed,SDL2,57.5,40.4,41,32.3,31,52.4,38.1,29.4,41.5,30.2,39.38,22,11,,37.6,2.002,43,1.514,0.167,,,,,,,,,,,,
7/11/17,July,2017,SDL,C+6,cordgrass,present,mixed,SDL2,55,57.4,50.1,59.2,47.3,45.6,46,43.7,29.5,24.1,45.79,21,8,,43.6,17.395,26,9.888,0.1625,,,,,,,,,,,,
7/11/17,July,2017,SDL,C+7,cordgrass,present,mixed,SDL2,31.5,32.6,32.1,29.7,22.3,23.1,55.7,47.3,39.2,38.1,35.16,23,13,,44.6,22.81,25,4.058,0.123,,,,,,,,,,,,
7/11/17,July,2017,SDL,C+8,cordgrass,present,mixed,SDL2,24,26.1,30.5,35.7,30,38.3,37.1,24.2,25,25.8,29.67,26,12,,47.25,,,,,,,,,,,,,,,,
7/11/17,July,2017,SDL,C+9,cordgrass,present,mixed,SDL2,54.5,48.2,37.3,37,37.8,59.7,33.1,43.4,38.2,29.1,41.83,28,10,,53.95,14.843,39,1.444,0.1115,,,,,,,,,,,,
7/11/17,July,2017,SDL,C+10,cordgrass,present,mixed,SDL2,39.4,23.6,25.7,32.1,27.3,39.5,30.2,25.6,24.5,25.4,29.33,32,16,,52.5,,,,,,,,,,,,,,,,
6/7/17,June,2017,SDL,C+1,cordgrass,present,mixed,SDL2,46,22,32,22,25,21,26,25,26,22.5,26.75,21,20,,45.25,,41,-0.323,0.107,,,,,,,,,,,,
6/7/17,June,2017,SDL,C+2,cordgrass,present,mixed,SDL2,32,28,38,29,43,34,32.5,22,24,25,30.75,29,14,,53.5,9.041,16,5.153,,,,,,,,,,,,,
6/7/17,June,2017,SDL,C+3,cordgrass,present,mixed,SDL2,25.5,23,17.5,16.5,28.5,27.5,24.5,26.5,23,29,24.15,25,10,,38,37.507,34,8.192,0.1675,,,,,,,,,,,,
6/7/17,June,2017,SDL,C+4,cordgrass,present,mixed,SDL2,23.5,19,23,32,29,21,37.5,39.5,23,29.5,27.7,21,11,,47.1,,,,,,,,,,,,,,,,
6/7/17,June,2017,SDL,C+5,cordgrass,present,mixed,SDL2,39,33,44,42,33.5,27,46,36,33,26,35.95,17,13,,56,1.383,10,3.316,0.1355,,,,,,,,,,,,
6/7/17,June,2017,SDL,C+6,cordgrass,present,mixed,SDL2,50,34,41,38,45,46,35,37,40,25,39.1,21,2,,57.6,5.019,18,3.74,0.11,,,,,,,,,,,,
6/7/17,June,2017,SDL,C+7,cordgrass,present,mixed,SDL2,46,34,37.5,37,20.5,23,25,34,45.5,37,33.95,19,15,,57.75,-1.866,21,2.998,0.058,,,,,,,,,,,,
6/7/17,June,2017,SDL,C+8,cordgrass,present,mixed,SDL2,26.5,27,21,19,30,21,27.5,26,26.5,29,25.35,27,15,,49.65,,,,,,,,,,,,,,,,
6/7/17,June,2017,SDL,C+9,cordgrass,present,mixed,SDL2,23.5,31,35.6,37,38.6,42,42.5,28.5,24,18,32.07,32,16,,57.8,1.693,21,4.871,0.0535,,,,,,,,,,,,
6/7/17,June,2017,SDL,C+10,cordgrass,present,mixed,SDL2,18.6,27.5,28,32.3,36,37,26.1,33,15,30.5,28.4,28,26,,56.15,-6.507,17,2.998,0.108,,,,,,,,,,,,
5/10/17,May,2017,SDL,C+1,cordgrass,present,mixed,SDL2,35,23.1,13.6,22.1,20,16.4,22.3,22.4,21.7,17.2,21.38,24,23,,39.3,,,,,,,,,,,,,,,,
5/10/17,May,2017,SDL,C+2,cordgrass,present,mixed,SDL2,,17.8,26.2,20.6,24.5,25.8,34.5,30.3,26.4,17.5,24.84444444,37,8,,51.85,,,,,,,,,,,,,,,,
5/10/17,May,2017,SDL,C+3,cordgrass,present,mixed,SDL2,22.1,23.3,26.2,19.1,19.7,22.5,16,19.8,22.7,22.5,21.39,20,13,,31.35,,,,,,,,,,,,,,,,
5/10/17,May,2017,SDL,C+4,cordgrass,present,mixed,SDL2,17.2,17.8,12,27.2,21.3,19.4,24.6,20.1,36.3,17.4,21.33,19,14,,43.5,,,,,,,,,,,,,,,,
5/10/17,May,2017,SDL,C+5,cordgrass,present,mixed,SDL2,30.3,26.2,13.1,21.1,28.9,30.2,24.9,28,34.8,18.4,25.59,20,13,,51.85,,,,,,,,,,,,,,,,
5/10/17,May,2017,SDL,C+6,cordgrass,present,mixed,SDL2,39.3,24.1,27.1,46.1,28.2,29.3,36.4,32.1,44.3,21.1,32.8,27,3,,58.2,,,,,,,,,,,,,,,,
5/10/17,May,2017,SDL,C+7,cordgrass,present,mixed,SDL2,22.4,30.8,19.1,23.5,30.4,32.1,32,22.1,64.4,36.2,31.3,22,12,,56.65,,,,,,,,,,,,,,,,
5/10/17,May,2017,SDL,C+8,cordgrass,present,mixed,SDL2,27.6,23.2,23.6,23.7,15.4,24.3,19,25.2,16.3,20.1,21.84,23,13,,51.25,,,,,,,,,,,,,,,,
5/10/17,May,2017,SDL,C+9,cordgrass,present,mixed,SDL2,23.2,32,40.4,30.8,35.6,28.2,23.7,25.4,19.8,15.1,27.42,24,17,,53,,,,,,,,,,,,,,,,
5/10/17,May,2017,SDL,C+10,cordgrass,present,mixed,SDL2,28.7,24.8,33.3,25.7,24.6,23.7,23.8,18.4,29.2,23.9,25.61,36,25,,50.15,,,,,,,,,,,,,,,,
5/26/16,May,2016,KF,C+1,cordgrass,present,mixed,KF1,7.1,8.8,15.4,9.4,8.3,13.4,10.5,9.6,20.4,14.2,11.71,25,,,37.85,,,,,,,,,,,,,,,,
5/26/16,May,2016,KF,C+2,cordgrass,present,mixed,KF1,14.5,20.8,12.2,21.4,12.1,15.4,23.6,12.5,14.9,24.3,17.17,22,,,42.1,,,,,,,,,,,,,,,,
5/26/16,May,2016,KF,C+3,cordgrass,present,mixed,KF1,26.2,27.4,25.5,19.7,15.5,20.2,8.6,22.5,23.3,12.9,20.18,18,,,40.85,,,,,,,,,,,,,,,,
5/26/16,May,2016,KF,C+4,cordgrass,present,mixed,KF1,8,24.3,20.1,16.5,22.8,15.1,28.5,15.4,10,13.5,17.42,10,,,35.5,,,,,,,,,,,,,,,,
5/26/16,May,2016,KF,C+5,cordgrass,present,mixed,KF1,12.1,20.2,19.9,16.6,21.9,18,16.1,17.9,18.1,16.2,17.7,20,,,33.9,,,,,,,,,,,,,,,,
5/26/16,May,2016,KF,C+6,cordgrass,present,mixed,KF1,15.4,15.2,17.1,16.6,13,19.4,19.7,8.2,24.2,14,16.28,16,,,35.6,,,,,,,,,,,,,,,,
5/26/16,May,2016,KF,C+7,cordgrass,present,mixed,KF1,13.9,15.8,11,28.1,27,17,18.2,25,23.1,22.2,20.13,19,,,27.2,,,,,,,,,,,,,,,,
6/23/16,June,2016,KF,C+1,cordgrass,present,mixed,KF1,18,9.6,13.8,13.2,19,9.1,8.5,19.8,12.6,22.5,14.61,,,,35.05,,,,,,,,,,,,,,,,
6/23/16,June,2016,KF,C+2,cordgrass,present,mixed,KF1,16.5,24,16,31.5,20.5,10.5,15,14.5,20.5,15,18.4,,,,47.3,,,,,,,,,,,,,,,,
6/23/16,June,2016,KF,C+3,cordgrass,present,mixed,KF1,24.5,23,28,31.5,25,28.5,29,18,20.5,16.8,24.48,,,,50.15,,,,,,,,,,,,,,,,
6/23/16,June,2016,KF,C+4,cordgrass,present,mixed,KF1,13.8,23.9,19.4,33.2,21.4,0,0,0,0,0,22.34,,,,40.15,,,,,,,,,,,,,,,,
6/23/16,June,2016,KF,C+5,cordgrass,present,mixed,KF1,22.5,19.6,17.1,18.5,19,25.4,18.5,13.2,13.5,13.2,18.05,,,,33.45,,,,,,,,,,,,,,,,
6/23/16,June,2016,KF,C+6,cordgrass,present,mixed,KF1,18.4,17,16.8,20.5,26.2,24.1,18.5,19.5,11,16.1,18.81,,,,36.1,,,,,,,,,,,,,,,,
6/23/16,June,2016,KF,C+7,cordgrass,present,mixed,KF1,15.4,13.6,11.5,27.2,22.4,27.5,22.1,26.1,15.4,15.4,19.66,,,,38.75,,,,,,,,,,,,,,,,
7/21/16,July,2016,KF,C+1,cordgrass,present,mixed,KF1,20.5,16,9,28,18.5,15,21,23.5,9.5,18.5,17.95,17,,,27.35,171.579,40,0.057,0.8705,,,,,,,,,,,,
7/21/16,July,2016,KF,C+2,cordgrass,present,mixed,KF1,39,36.5,42.5,19,27,50,35.5,15.5,19,14,29.8,21,,,33,15.714,40,0.474,0.856,,,,,,,,,,,,
7/21/16,July,2016,KF,C+3,cordgrass,present,mixed,KF1,54,41.5,30,43.5,51,35.5,45.5,41,43,30,41.5,21,,,45.3,18.579,45,0.208,0.9795,,,,,,,,,,,,
7/21/16,July,2016,KF,C+4,cordgrass,present,mixed,KF1,0,0,0,0,0,0,0,0,0,0,0,0,,,33.85,29.114,41,0.438,0.8685,,,,,,,,,,,,
7/21/16,July,2016,KF,C+5,cordgrass,present,mixed,KF1,27.2,18.2,35.1,30.1,28.6,17.1,25.4,20.1,33.9,20.8,25.65,17,,,31.5,37.18,41,0.279,0.9305,,,,,,,,,,,,
7/21/16,July,2016,KF,C+6,cordgrass,present,mixed,KF1,20.4,7.2,25.4,36.6,12.4,37.3,21.2,10.1,13.6,27.5,21.17,14,,,37.2,22.59,40,0.403,0.5605,,,,,,,,,,,,
7/21/16,July,2016,KF,C+7,cordgrass,present,mixed,KF1,20.4,16.3,18.2,15.4,27.4,23.9,27.2,16.3,17.1,8.1,19.03,17,,,34.25,11.614,40,1.689,0.7785,,,,,,,,,,,,
8/16/16,August,2016,KF,C+1,cordgrass,present,mixed,KF1,24.5,29.5,12,26.5,18.5,45,30.5,11,10.5,12,22,16,,,28.4,111.021,38,3.408,0.9,,,,,,,,,,,,
8/16/16,August,2016,KF,C+2,cordgrass,present,mixed,KF1,16,86.5,58,75,13.5,17.5,63,65,98,33.5,52.6,20,,,31.2,29.308,35,2.946,0.827,,,,,,,,,,,,
8/16/16,August,2016,KF,C+3,cordgrass,present,mixed,KF1,90,82,42,61,100,51.5,47,91,66,77,70.75,16,,,40.6,35.805,37,3.336,1.007,,,,,,,,,,,,
8/16/16,August,2016,KF,C+4,cordgrass,present,mixed,KF1,0,0,0,0,0,0,0,0,0,0,0,0,,,32.7,21.282,37,3.192,1.0815,,,,,,,,,,,,
8/16/16,August,2016,KF,C+5,cordgrass,present,mixed,KF1,54.7,31.2,26.2,51.1,14.1,35.7,38.4,25.4,30.4,36.8,34.4,17,,,33.95,-0.885,37,2.73,0.3635,,,,,,,,,,,,
8/16/16,August,2016,KF,C+6,cordgrass,present,mixed,KF1,48.2,8.2,3.7,19,13.6,48.5,32.1,11.8,28.5,19.4,23.3,14,,,34.4,20.976,34,2.843,0.952,,,,,,,,,,,,
8/16/16,August,2016,KF,C+7,cordgrass,present,mixed,KF1,35.4,14.7,18.2,44.6,23.8,29.7,17.5,28.1,27.2,30.6,26.98,15,,,40.7,-5.013,37,2.607,0.855,,,,,,,,,,,,
9/8/16,September,2016,KF,C+1,cordgrass,present,mixed,KF1,14.2,43,14.1,9.5,10.5,33.6,8.5,7.9,61.8,0,22.5667,9,,,26.05,140.444,45,0.375,1.308,,,87,22.7,30.5,53.2,0,140.2,,,,
9/8/16,September,2016,KF,C+2,cordgrass,present,mixed,KF1,73,69.8,35.8,58.2,34.2,78.9,61.1,72.2,52.3,65,60.05,18,,,37.5,75.485,45,1.556,0.7445,,,117.1,95.2,47.3,142.5,0,259.6,,,,
9/8/16,September,2016,KF,C+3,cordgrass,present,mixed,KF1,43.5,68,69.2,71,75,63.4,75.1,16.5,77.7,8.1,56.75,19,,,41,25.896,47,0.509,1.099,,,114.8,97.6,27.8,125.4,0,240.2,,,,
9/8/16,September,2016,KF,C+4,cordgrass,present,mixed,KF1,7.2,0,0,0,0,0,0,0,0,0,0.72,1,,,31.7,28.893,46,13.843,0.99,,,152.9,0.01,13.2,13.21,0,166.11,,,,
9/8/16,September,2016,KF,C+5,cordgrass,present,mixed,KF1,71.4,48,38.6,32.5,58,58.7,60,37.5,62.5,16.5,48.37,25,,,30.3,-5.166,43,0.13,0.3635,,,93.3,85.5,33.2,118.7,0,212,,,,
9/8/16,September,2016,KF,C+6,cordgrass,present,mixed,KF1,24.2,18.5,42.6,20.9,7.8,37,70,11.1,10,56.6,29.87,14,,,37.5,-13.803,42,-0.266,0.703,,,135.6,41.4,17.4,58.8,0,194.4,,,,
9/8/16,September,2016,KF,C+7,cordgrass,present,mixed,KF1,37,26.5,41.1,19.2,56.8,14.5,57.4,27.3,63.5,69,41.23,17,,,26.9,-12.58,45,-0.14,0.3925,,,99.7,48.5,24.9,73.4,0,173.1,,,,
6/7/16,June,2016,SDL,C+1,cordgrass,present,mixed,SDL1,25.5,36,34,32.5,32,35.5,18.5,19,23.5,46.5,30.3,,,,37.8,,,,,,,,,,,,,,,,
6/7/16,June,2016,SDL,C+2,cordgrass,present,mixed,SDL1,29,22,17.5,25,27,25.5,30,20.5,32,31,25.95,,,,44.5,,,,,,,,,,,,,,,,
6/7/16,June,2016,SDL,C+3,cordgrass,present,mixed,SDL1,20,23.5,17.5,24,18,15.5,19.4,24.5,18.5,22,20.29,,,,57.2,,,,,,,,,,,,,,,,
6/7/16,June,2016,SDL,C+4,cordgrass,present,mixed,SDL1,13.5,11,16,17.5,18.5,16,16,16.5,16,18,15.9,,,,61.4,,,,,,,,,,,,,,,,
6/7/16,June,2016,SDL,C+5,cordgrass,present,mixed,SDL1,18,21,21.5,29,29,29,20.5,23,28.5,14,23.35,,,,49.8,,,,,,,,,,,,,,,,
6/7/16,June,2016,SDL,C+6,cordgrass,present,mixed,SDL1,35,31.5,24.5,23,16.5,25.5,21,19.5,24,21.5,24.2,,,,58.2,,,,,,,,,,,,,,,,
6/7/16,June,2016,SDL,C+7,cordgrass,present,mixed,SDL1,20,11.5,21,19.5,27,32,39,17.5,15,10,21.25,,,,51.4,,,,,,,,,,,,,,,,
6/7/16,June,2016,SDL,C+8,cordgrass,present,mixed,SDL1,29,14.5,30,32,27.5,23,38,23,15,35,26.7,,,,42.85,,,,,,,,,,,,,,,,
7/6/16,July,2016,SDL,C+1,cordgrass,present,mixed,SDL1,25,33.3,17.6,17.4,39.2,29.3,48.4,46.1,63.1,51.6,37.1,11,,,37.35,10.317,41,0.448,0.7975,,,,,,,,,,,,
7/6/16,July,2016,SDL,C+2,cordgrass,present,mixed,SDL1,37.9,19.9,18.9,22.2,34.1,42.3,41.6,33.8,22.4,36.3,30.94,19,,,48.1,51.528,42,-0.468,0.8955,,,,,,,,,,,,
7/6/16,July,2016,SDL,C+3,cordgrass,present,mixed,SDL1,23.1,27.2,24.3,28.2,25.3,36.2,20.4,22.1,26.8,21.3,25.49,29,,,47.7,16.444,34,-0.304,0.63,,,,,,,,,,,,
7/6/16,July,2016,SDL,C+4,cordgrass,present,mixed,SDL1,19.6,16.3,16,23.2,25.1,19.5,22.1,17.6,22.8,15.4,19.76,17,,,46.65,18.194,35,-0.834,0.624,,,,,,,,,,,,
7/6/16,July,2016,SDL,C+5,cordgrass,present,mixed,SDL1,19.4,19.7,35.8,24.6,39.2,32.3,21.4,6.8,26.9,28.7,25.48,26,,,36.7,13.089,42,-0.68,0.753,,,,,,,,,,,,
7/6/16,July,2016,SDL,C+6,cordgrass,present,mixed,SDL1,30.4,26.6,35.4,23.7,24.5,32.6,39.1,13.8,47.9,48.6,32.26,13,,,52.15,33.001,49,-0.796,1.0785,,,,,,,,,,,,
7/6/16,July,2016,SDL,C+7,cordgrass,present,mixed,SDL1,23.3,25,21.5,34.8,38,30.5,16.5,20,35.5,40,28.51,14,,,52.15,16.809,45,-0.96,1.028,,,,,,,,,,,,
7/6/16,July,2016,SDL,C+8,cordgrass,present,mixed,SDL1,17.5,32,36.5,23,16,34.5,29,14.5,13,23.5,23.95,21,,,57.5,41.827,45,0.409,0.875,,,,,,,,,,,,
8/2/16,August,2016,SDL,C+1,cordgrass,present,mixed,SDL1,81.5,108,58,93,29,95,63,20,75,49,67.15,,,,25.75,63.73,43,-1.196,0.628,,,,,,,,,,,,
8/2/16,August,2016,SDL,C+2,cordgrass,present,mixed,SDL1,63.7,64,36,58,29,46,40,73,44,33,48.67,,,,46.25,28.394,45,-1.155,0.7525,,,,,,,,,,,,
8/2/16,August,2016,SDL,C+3,cordgrass,present,mixed,SDL1,52.5,28.5,26,30,48,31.5,41,28,32,64,38.15,,,,42,12.221,35,-1.122,0.5975,,,,,,,,,,,,
8/2/16,August,2016,SDL,C+4,cordgrass,present,mixed,SDL1,58,27.5,29.5,40,37,21,22,30.5,40.5,21,32.7,,,,42,29.265,36,-1.261,0.522,,,,,,,,,,,,
8/2/16,August,2016,SDL,C+5,cordgrass,present,mixed,SDL1,53.5,29,27.5,40,40,80,34,35,76,40,45.5,,,,37,28.204,42,0.423,0.825,,,,,,,,,,,,
8/2/16,August,2016,SDL,C+6,cordgrass,present,mixed,SDL1,49,35,42.5,29.5,33,55.5,29.5,37,49,49,40.9,,,,46.25,30.06,48,-1.676,0.411,,,,,,,,,,,,
8/2/16,August,2016,SDL,C+7,cordgrass,present,mixed,SDL1,25.5,23.5,25,25,22.5,41.5,39,44,40.5,26.5,31.3,,,,45.5,30.969,46,-1.977,0.878,,,,,,,,,,,,
8/2/16,August,2016,SDL,C+8,cordgrass,present,mixed,SDL1,34,45,40,21.5,16.5,42,42,62,32,36.5,37.15,,,,45,44.945,46,-1.724,0.8525,,,,,,,,,,,,
9/6/16,September,2016,SDL,C+1,cordgrass,present,mixed,SDL1,100.6,70.5,97.8,86.3,72.1,39,25.2,21.8,24.4,0,59.74,9,,,41.35,42.265,50,8.191,0.932,,,155,91.6,20.1,111.7,0,266.7,,,,
9/6/16,September,2016,SDL,C+2,cordgrass,present,mixed,SDL1,47.4,64.2,82.5,50.1,27.8,44.6,84.2,87.3,93.8,100.3,68.22,13,,,51.2,22.571,48,7.265,0.9295,,,164.8,109.2,30.4,139.6,0,304.4,,,,
9/6/16,September,2016,SDL,C+3,cordgrass,present,mixed,SDL1,105.1,71.4,79,80.2,92.7,78.1,55.6,67.4,101.2,73.2,80.39,36,,,43.9,5.284,45,7.207,0.8705,,,127.8,149.2,78.6,227.8,0,355.6,,,,
9/6/16,September,2016,SDL,C+4,cordgrass,present,mixed,SDL1,19.5,32.9,45.6,82.8,66.9,86,46.4,47.2,25.1,82,53.44,19,,,,13.234,46,7.988,0.997,,,128.3,79.1,17.7,96.8,0,225.1,,,,
9/6/16,September,2016,SDL,C+5,cordgrass,present,mixed,SDL1,40.5,44.9,70.8,88.7,90.6,61.2,47.5,46.2,83.9,22.6,59.69,29,,,,10.9,49,7.284,0.9375,,,140.6,136.9,32.6,169.5,0,310.1,,,,
9/6/16,September,2016,SDL,C+6,cordgrass,present,mixed,SDL1,29.8,82.4,36.8,39.7,68.5,49.4,94.1,46.4,58.9,90.2,59.62,22,,,,21.914,55,7.612,0.9535,,,344.5,108.2,11.7,119.9,0,464.4,,,,
9/6/16,September,2016,SDL,C+7,cordgrass,present,mixed,SDL1,67.4,56,46.7,53.6,34.1,30.5,26.8,65,24.9,46.2,45.12,26,,,49.2,41.754,53,6.793,1.063,,,256.1,96.6,14.8,111.4,0,367.5,,,,
9/6/16,September,2016,SDL,C+8,cordgrass,present,mixed,SDL1,45.7,51.3,31.5,88.4,26.8,34.1,25.2,27.5,30.1,57.9,41.85,18,,,52.75,61.303,50,7.574,1.027,,,314.8,73.5,36.6,110.1,0,424.9,,,,
5/10/16,May,2016,SDL,C+1,cordgrass,present,mixed,SDL1,14.5,17.4,32.9,17.7,16.5,22.6,29.4,23,27.2,23.1,22.43,13,,,34.6,,,,,,,,,,,,,,,,
5/10/16,May,2016,SDL,C+2,cordgrass,present,mixed,SDL1,19.4,19.9,20.1,22.6,23.7,12.4,10.5,24.1,23.2,16.1,19.2,24,,,48.4,,,,,,,,,,,,,,,,
5/10/16,May,2016,SDL,C+3,cordgrass,present,mixed,SDL1,13.9,22.4,17,16.1,10,18.4,16.3,21,6.8,11.1,15.3,28,,,58.2,,,,,,,,,,,,,,,,
5/10/16,May,2016,SDL,C+4,cordgrass,present,mixed,SDL1,30.6,13.7,25.2,10.5,21.8,17.6,17.9,14.4,17.5,19.8,18.9,11,,,64.75,,,,,,,,,,,,,,,,
5/10/16,May,2016,SDL,C+5,cordgrass,present,mixed,SDL1,22,14.5,13.3,18.4,27.6,24.2,19.6,17.4,18.7,13.2,18.89,24,,,48.7,,,,,,,,,,,,,,,,
5/10/16,May,2016,SDL,C+6,cordgrass,present,mixed,SDL1,13.4,11.3,14.4,15,18,18.1,17.4,19.9,14,16,15.75,19,,,56.75,,,,,,,,,,,,,,,,
5/10/16,May,2016,SDL,C+7,cordgrass,present,mixed,SDL1,14.6,19.6,17.3,23.4,12.1,12.4,31.3,23.5,17.6,23.8,19.56,17,,,62.7,,,,,,,,,,,,,,,,
5/10/16,May,2016,SDL,C+8,cordgrass,present,mixed,SDL1,24.6,7.3,23.2,10,20.6,9.7,22.8,23.2,12.4,6,15.98,15,,,60,,,,,,,,,,,,,,,,
4/21/16,April,2016,KF,C+1,cordgrass,present,mixed,KF1,5.6,9.7,8.4,7.9,8,14.4,12.5,12.1,11.8,15.2,10.56,21,,,27.05,,,,,,,,,,,,,,,,
4/21/16,April,2016,KF,C+2,cordgrass,present,mixed,KF1,16.4,16.7,9.7,14.4,23.7,10.9,9.8,11.9,11,13.4,13.79,18,,,38.7,,,,,,,,,,,,,,,,
4/21/16,April,2016,KF,C+3,cordgrass,present,mixed,KF1,20.1,13.5,20.6,13.4,10.5,17.2,11.7,18.7,18.5,11,15.52,19,,,36.5,,,,,,,,,,,,,,,,
4/21/16,April,2016,KF,C+4,cordgrass,present,mixed,KF1,9.5,8.4,22,16.6,15.9,12.2,14.1,18.3,13.3,14.7,14.5,10,,,36.95,,,,,,,,,,,,,,,,
4/21/16,April,2016,KF,C+5,cordgrass,present,mixed,KF1,16.6,15.8,12.2,13.1,17.2,3.1,29.4,13.7,11.1,17.1,14.93,24,,,36,,,,,,,,,,,,,,,,
4/21/16,April,2016,KF,C+6,cordgrass,present,mixed,KF1,13.5,5.9,16,19.8,12.8,14.9,9.5,15.4,16.6,5,12.94,15,,,38.4,,,,,,,,,,,,,,,,
4/21/16,April,2016,KF,C+7,cordgrass,present,mixed,KF1,12.4,15.5,25.4,23.5,17,17.1,20.4,15.8,17.4,15.2,17.97,18,,,37.5,,,,,,,,,,,,,,,,
8/14/17,August,2017,SDL,P-1,pickleweed,absent,pickleweed,SDL2,0,0,0,0,0,0,0,0,0,0,0,0,0,,40.5,1.542,32,2.009,0.2585,,,,,,,,,,,,
8/14/17,August,2017,SDL,P-2,pickleweed,absent,pickleweed,SDL2,0,0,0,0,0,0,0,0,0,0,0,0,0,,31.75,16.091,32,1.938,0.1585,,,,,,,,,,,,
8/14/17,August,2017,SDL,P-4,pickleweed,absent,pickleweed,SDL2,0,0,0,0,0,0,0,0,0,0,0,0,0,,34.5,,,,,,,,,,,,,,,,
8/14/17,August,2017,SDL,P-3,pickleweed,absent,pickleweed,SDL2,0,0,0,0,0,0,0,0,0,0,0,0,0,,36.5,19.233,31,6.743,0.2035,,,,,,,,,,,,
8/14/17,August,2017,SDL,P-5,pickleweed,absent,pickleweed,SDL2,0,0,0,0,0,0,0,0,0,0,0,0,0,,37.5,68.891,39,4.729,0.3335,,,,,,,,,,,,
8/14/17,August,2017,SDL,P-6,pickleweed,absent,pickleweed,SDL2,0,0,0,0,0,0,0,0,0,0,0,0,0,,48.5,7.075,26,3.563,0.2675,,,,,,,,,,,,
8/14/17,August,2017,SDL,P-7,pickleweed,absent,pickleweed,SDL2,0,0,0,0,0,0,0,0,0,0,0,0,0,,43.5,,52,,,,,,,,,,,,,,
8/14/17,August,2017,SDL,P-8,pickleweed,absent,pickleweed,SDL2,0,0,0,0,0,0,0,0,0,0,0,0,0,,40.25,,,,,,,,,,,,,,,,
8/14/17,August,2017,SDL,P-9,pickleweed,absent,pickleweed,SDL2,0,0,0,0,0,0,0,0,0,0,0,0,0,,42.5,21.282,54,0.878,,,,,,,,,,,,,
8/14/17,August,2017,SDL,P-10,pickleweed,absent,pickleweed,SDL2,0,0,0,0,0,0,0,0,0,0,0,0,0,,63,107.278,40,2.927,0.25,,,,,,,,,,,,
8/14/17,August,2017,SDL,C-9,pickleweed,absent,pickleweed,SDL2,82,59,83,90,48,35,26,33,53,79,58.8,60,2,,0,21.009,55,,,,,,,,,,,,,,
9/7/17,September,2017,SDL,P-10,pickleweed,absent,pickleweed,SDL2,0,0,0,0,0,0,0,0,0,0,0,0,0,,53.3,59.714,17,0.56,0.172,,,252.6552,,,0,0,252.6552,,17.3333,4.0947,21.428
9/7/17,September,2017,SDL,P-9,pickleweed,absent,pickleweed,SDL2,0,0,0,0,0,0,0,0,0,0,0,0,0,,33.75,-3.016,,,,,,144.5587,,,0,0,144.5587,,,,0
9/7/17,September,2017,SDL,P-8,pickleweed,absent,pickleweed,SDL2,0,0,0,0,0,0,0,0,0,0,0,0,0,,35.9,,,,,0.155037761,0.308701229,169.6865,,,0,0,169.6865,,,,0
9/7/17,September,2017,SDL,P-7,pickleweed,absent,pickleweed,SDL2,0,0,0,0,0,0,0,0,0,0,0,0,0,,38.4,32.657,25,2.68,0.1355,,,233.3801,,,0,0,233.3801,,,,0
9/7/17,September,2017,SDL,P-1,pickleweed,absent,pickleweed,SDL2,0,0,0,0,0,0,0,0,0,0,0,0,0,,43.35,31.589,36,-1.065,0.1965,0.452769841,0.277460386,110.3809,,,0,0,110.3809,,45.4786,12.8022,58.2808
9/7/17,September,2017,SDL,P-2,pickleweed,absent,pickleweed,SDL2,0,0,0,0,0,0,0,0,0,0,0,0,0,,33.75,63.559,27,1.373,0.201,0.243098555,0.404572373,83.4151,,,0,0,83.4151,,,,0
9/7/17,September,2017,SDL,P-4,pickleweed,absent,pickleweed,SDL2,0,0,0,0,0,0,0,0,0,0,0,0,0,,39.6,,,,,,,38.9599,,,0,0,38.9599,,,,0
9/7/17,September,2017,SDL,P-3,pickleweed,absent,pickleweed,SDL2,0,0,0,0,0,0,0,0,0,0,0,0,0,,33.9,36.431,22,8.262,0.134,,,124.0601,,,0,0,124.0601,,,,0
9/7/17,September,2017,SDL,P-5,pickleweed,absent,pickleweed,SDL2,0,0,0,0,0,0,0,0,0,0,0,0,0,,44.35,76.803,21,17.307,0.3365,,,95.963,,,0,0,95.963,,,,0
9/7/17,September,2017,SDL,P-6,pickleweed,absent,pickleweed,SDL2,0,0,0,0,0,0,0,0,0,0,0,0,0,,53.75,11.011,26,3.351,0.2105,0.195934558,0.134923699,259.1014,,,0,0,259.1014,,,,0
7/11/17,July,2017,SDL,P-1,pickleweed,absent,pickleweed,SDL2,0,0,0,0,0,0,0,0,0,0,0,0,0,,34.85,32.402,44,3.245,0.215,,,,,,,,,,,,
7/11/17,July,2017,SDL,P-2,pickleweed,absent,pickleweed,SDL2,0,0,0,0,0,0,0,0,0,0,0,0,0,,38.5,28.998,42,3.952,0.2125,,,,,,,,,,,,
7/11/17,July,2017,SDL,P-3,pickleweed,absent,pickleweed,SDL2,0,0,0,0,0,0,0,0,0,0,0,0,0,,31.05,55.066,29,10.7,0.1785,,,,,,,,,,,,
7/11/17,July,2017,SDL,P-4,pickleweed,absent,pickleweed,SDL2,0,0,0,0,0,0,0,0,0,0,0,0,0,,30.8,,,,,,,,,,,,,,,,
7/11/17,July,2017,SDL,P-5,pickleweed,absent,pickleweed,SDL2,0,0,0,0,0,0,0,0,0,0,0,0,0,,46.95,57.619,41,2.857,0.197,,,,,,,,,,,,
7/11/17,July,2017,SDL,P-6,pickleweed,absent,pickleweed,SDL2,0,0,0,0,0,0,0,0,0,0,0,0,0,,49.35,42.535,42,4.058,0.1945,,,,,,,,,,,,
7/11/17,July,2017,SDL,P-7,pickleweed,absent,pickleweed,SDL2,0,0,0,0,0,0,0,0,0,0,0,0,0,,48.65,,,,,,,,,,,,,,,,
7/11/17,July,2017,SDL,P-8,pickleweed,absent,pickleweed,SDL2,0,0,0,0,0,0,0,0,0,0,0,0,0,,45.65,,,,,,,,,,,,,,,,
7/11/17,July,2017,SDL,P-9,pickleweed,absent,pickleweed,SDL2,0,0,0,0,0,0,0,0,0,0,0,0,0,,41.25,3.781,37,1.55,0.141,,,,,,,,,,,,
7/11/17,July,2017,SDL,P-10,pickleweed,absent,pickleweed,SDL2,0,0,0,0,0,0,0,0,0,0,0,0,0,,56.6,1.306,51,,,,,,,,,,,,,,
6/7/17,June,2017,SDL,P-1,pickleweed,absent,pickleweed,SDL2,0,0,0,0,0,0,0,0,0,0,0,0,0,,52,,,,,,,,,,,,,,,,
6/7/17,June,2017,SDL,P-2,pickleweed,absent,pickleweed,SDL2,0,0,0,0,0,0,0,0,0,0,0,0,0,,34.75,28.812,9,4.058,0.24,,,,,,,,,,,,
6/7/17,June,2017,SDL,P-3,pickleweed,absent,pickleweed,SDL2,0,0,0,0,0,0,0,0,0,0,0,0,0,,33.5,30.623,41,6.99,0.1765,,,,,,,,,,,,
6/7/17,June,2017,SDL,P-4,pickleweed,absent,pickleweed,SDL2,0,0,0,0,0,0,0,0,0,0,0,0,0,,38.5,,,,,,,,,,,,,,,,
6/7/17,June,2017,SDL,P-5,pickleweed,absent,pickleweed,SDL2,0,0,0,0,0,0,0,0,0,0,0,0,0,,53,-0.628,23,5.153,0.234,,,,,,,,,,,,
6/7/17,June,2017,SDL,P-6,pickleweed,absent,pickleweed,SDL2,0,0,0,0,0,0,0,0,0,0,0,0,0,,65.75,45.165,21,4.694,0.138,,,,,,,,,,,,
6/7/17,June,2017,SDL,P-7,pickleweed,absent,pickleweed,SDL2,0,0,0,0,0,0,0,0,0,0,0,0,0,,50,,,,,,,,,,,,,,,,
6/7/17,June,2017,SDL,P-8,pickleweed,absent,pickleweed,SDL2,0,0,0,0,0,0,0,0,0,0,0,0,0,,50.25,,,,,,,,,,,,,,,,
6/7/17,June,2017,SDL,P-9,pickleweed,absent,pickleweed,SDL2,0,0,0,0,0,0,0,0,0,0,0,0,0,,50.5,7.985,35,0.136,0.1075,,,,,,,,,,,,
6/7/17,June,2017,SDL,P-10,pickleweed,absent,pickleweed,SDL2,0,0,0,0,0,0,0,0,0,0,0,0,0,,62.75,0.919,37,0.914,0.108,,,,,,,,,,,,
5/10/17,May,2017,SDL,P-1,pickleweed,absent,pickleweed,SDL2,0,0,0,0,0,0,0,0,0,0,0,0,0,,46.2,,,,,,,,,,,,,,,,
5/10/17,May,2017,SDL,P-2,pickleweed,absent,pickleweed,SDL2,0,0,0,0,0,0,0,0,0,0,0,0,0,,44.3,,,,,,,,,,,,,,,,
5/10/17,May,2017,SDL,P-3,pickleweed,absent,pickleweed,SDL2,0,0,0,0,0,0,0,0,0,0,0,0,0,,47.6,,,,,,,,,,,,,,,,
5/10/17,May,2017,SDL,P-4,pickleweed,absent,pickleweed,SDL2,0,0,0,0,0,0,0,0,0,0,0,0,0,,48.8,,,,,,,,,,,,,,,,
5/10/17,May,2017,SDL,P-5,pickleweed,absent,pickleweed,SDL2,0,0,0,0,0,0,0,0,0,0,0,0,0,,49.6,,,,,,,,,,,,,,,,
5/10/17,May,2017,SDL,P-6,pickleweed,absent,pickleweed,SDL2,0,0,0,0,0,0,0,0,0,0,0,0,0,,65.55,,,,,,,,,,,,,,,,
5/10/17,May,2017,SDL,P-7,pickleweed,absent,pickleweed,SDL2,0,0,0,0,0,0,0,0,0,0,0,0,0,,53.65,,,,,,,,,,,,,,,,
5/10/17,May,2017,SDL,P-8,pickleweed,absent,pickleweed,SDL2,0,0,0,0,0,0,0,0,0,0,0,0,0,,45.45,,,,,,,,,,,,,,,,
5/10/17,May,2017,SDL,P-9,pickleweed,absent,pickleweed,SDL2,0,0,0,0,0,0,0,0,0,0,0,0,0,,50.25,,,,,,,,,,,,,,,,
5/10/17,May,2017,SDL,P-10,pickleweed,absent,pickleweed,SDL2,0,0,0,0,0,0,0,0,0,0,0,0,0,,59.15,,,,,,,,,,,,,,,,
5/26/16,May,2016,KF,P-1,pickleweed,absent,pickleweed,KF1,0,0,0,0,0,0,0,0,0,0,0,0,,,28.3,,,,,,,,,,,,,,,,
5/26/16,May,2016,KF,P-2,pickleweed,absent,pickleweed,KF1,0,0,0,0,0,0,0,0,0,0,0,0,,,33.45,,,,,,,,,,,,,,,,
5/26/16,May,2016,KF,P-3,pickleweed,absent,pickleweed,KF1,0,0,0,0,0,0,0,0,0,0,0,0,,,29.95,,,,,,,,,,,,,,,,
5/26/16,May,2016,KF,P-4,pickleweed,absent,pickleweed,KF1,0,0,0,0,0,0,0,0,0,0,0,0,,,28.3,,,,,,,,,,,,,,,,
5/26/16,May,2016,KF,P-5,pickleweed,absent,pickleweed,KF1,0,0,0,0,0,0,0,0,0,0,0,0,,,31.15,,,,,,,,,,,,,,,,
5/26/16,May,2016,KF,P-6,pickleweed,absent,pickleweed,KF1,0,0,0,0,0,0,0,0,0,0,0,0,,,30.55,,,,,,,,,,,,,,,,
5/26/16,May,2016,KF,P-7,pickleweed,absent,pickleweed,KF1,0,0,0,0,0,0,0,0,0,0,0,0,,,28.8,,,,,,,,,,,,,,,,
6/23/16,June,2016,KF,P-1,pickleweed,absent,pickleweed,KF1,0,0,0,0,0,0,0,0,0,0,0,,,,40.1,,,,,,,,,,,,,,,,
6/23/16,June,2016,KF,P-2,pickleweed,absent,pickleweed,KF1,0,0,0,0,0,0,0,0,0,0,0,,,,40.55,,,,,,,,,,,,,,,,
6/23/16,June,2016,KF,P-3,pickleweed,absent,pickleweed,KF1,0,0,0,0,0,0,0,0,0,0,0,,,,34.4,,,,,,,,,,,,,,,,
6/23/16,June,2016,KF,P-4,pickleweed,absent,pickleweed,KF1,0,0,0,0,0,0,0,0,0,0,0,,,,30.7,,,,,,,,,,,,,,,,
6/23/16,June,2016,KF,P-5,pickleweed,absent,pickleweed,KF1,0,0,0,0,0,0,0,0,0,0,0,,,,37.85,,,,,,,,,,,,,,,,
6/23/16,June,2016,KF,P-6,pickleweed,absent,pickleweed,KF1,0,0,0,0,0,0,0,0,0,0,0,,,,27.3,,,,,,,,,,,,,,,,
6/23/16,June,2016,KF,P-7,pickleweed,absent,pickleweed,KF1,0,0,0,0,0,0,0,0,0,0,0,,,,26.8,,,,,,,,,,,,,,,,
7/21/16,July,2016,KF,P-1,pickleweed,absent,pickleweed,KF1,0,0,0,0,0,0,0,0,0,0,0,0,,,24,28.497,37,-0.227,0.824,,,,,,,,,,,,
7/21/16,July,2016,KF,P-2,pickleweed,absent,pickleweed,KF1,0,0,0,0,0,0,0,0,0,0,0,0,,,25.5,204.594,36,0.146,0.831,,,,,,,,,,,,
7/21/16,July,2016,KF,P-3,pickleweed,absent,pickleweed,KF1,0,0,0,0,0,0,0,0,0,0,0,0,,,34.25,85.668,40,-0.635,1.005,,,,,,,,,,,,
7/21/16,July,2016,KF,P-4,pickleweed,absent,pickleweed,KF1,0,0,0,0,0,0,0,0,0,0,0,0,,,32.75,40.09,36,0.243,0.9995,,,,,,,,,,,,
7/21/16,July,2016,KF,P-5,pickleweed,absent,pickleweed,KF1,0,0,0,0,0,0,0,0,0,0,0,0,,,31.3,76.323,40,0.412,0.87,,,,,,,,,,,,
7/21/16,July,2016,KF,P-6,pickleweed,absent,pickleweed,KF1,0,0,0,0,0,0,0,0,0,0,0,0,,,30.9,37.665,35,0.864,0.9265,,,,,,,,,,,,
7/21/16,July,2016,KF,P-7,pickleweed,absent,pickleweed,KF1,0,0,0,0,0,0,0,0,0,0,0,0,,,32.8,163.512,37,0.172,0.9215,,,,,,,,,,,,
8/16/16,August,2016,KF,P-1,pickleweed,absent,pickleweed,KF1,0,0,0,0,0,0,0,0,0,0,0,0,,,29.15,80.445,35,2.741,0.9145,,,,,,,,,,,,
8/16/16,August,2016,KF,P-2,pickleweed,absent,pickleweed,KF1,0,0,0,0,0,0,0,0,0,0,0,0,,,35.95,94.204,37,3.121,0.972,,,,,,,,,,,,
8/16/16,August,2016,KF,P-3,pickleweed,absent,pickleweed,KF1,0,0,0,0,0,0,0,0,0,0,0,0,,,31.8,19.065,43,2.679,0.96,,,,,,,,,,,,
8/16/16,August,2016,KF,P-4,pickleweed,absent,pickleweed,KF1,0,0,0,0,0,0,0,0,0,0,0,0,,,34.1,78.84,35,2.135,0.855,,,,,,,,,,,,
8/16/16,August,2016,KF,P-5,pickleweed,absent,pickleweed,KF1,0,0,0,0,0,0,0,0,0,0,0,0,,,33.65,65.769,40,2.371,1.0555,,,,,,,,,,,,
8/16/16,August,2016,KF,P-6,pickleweed,absent,pickleweed,KF1,0,0,0,0,0,0,0,0,0,0,0,0,,,35.8,29.002,35,2.607,0.741,,,,,,,,,,,,
8/16/16,August,2016,KF,P-7,pickleweed,absent,pickleweed,KF1,0,0,0,0,0,0,0,0,0,0,0,0,,,31.15,258.241,35,2.617,1.0495,,,,,,,,,,,,
9/8/16,September,2016,KF,P-1,pickleweed,absent,pickleweed,KF1,0,0,0,0,0,0,0,0,0,0,0,0,,,33.7,64.731,41,8.627,0.7045,,,163.1,0,0,0,0,163.1,,,,
9/8/16,September,2016,KF,P-2,pickleweed,absent,pickleweed,KF1,0,0,0,0,0,0,0,0,0,0,0,0,,,29.7,87.255,45,3.18,1.1915,,,59.6,0,0,0,0,59.6,,,,
9/8/16,September,2016,KF,P-3,pickleweed,absent,pickleweed,KF1,0,0,0,0,0,0,0,0,0,0,0,0,,,32.1,27.306,49,3.331,0.974,,,175.4,0,0,0,0,175.4,,,,
9/8/16,September,2016,KF,P-4,pickleweed,absent,pickleweed,KF1,0,0,0,0,0,0,0,0,0,0,0,0,,,33.7,81.26,45,-0.076,0.9015,,,129.5,0,0,0,0,129.5,,,,
9/8/16,September,2016,KF,P-5,pickleweed,absent,pickleweed,KF1,0,0,0,0,0,0,0,0,0,0,0,0,,,32.8,56.291,45,-0.883,0.341,,,179.7,0,0,0,0,179.7,,,,
9/8/16,September,2016,KF,P-6,pickleweed,absent,pickleweed,KF1,0,0,0,0,0,0,0,0,0,0,0,0,,,29.8,-11.663,41,0.795,0.4415,,,185.2,0,0,0,0,185.2,,,,
9/8/16,September,2016,KF,P-7,pickleweed,absent,pickleweed,KF1,0,0,0,0,0,0,0,0,0,0,0,0,,,29.4,252.585,43,2.936,1.0415,,,87.3,0,0,0,0,87.3,,,,
6/7/16,June,2016,SDL,P-1,pickleweed,absent,pickleweed,SDL1,0,0,0,0,0,0,0,0,0,0,0,,,,,,,,,,,,,,,,,,,,
6/7/16,June,2016,SDL,P-2,pickleweed,absent,pickleweed,SDL1,0,0,0,0,0,0,0,0,0,0,0,,,,,,,,,,,,,,,,,,,,
6/7/16,June,2016,SDL,P-3,pickleweed,absent,pickleweed,SDL1,0,0,0,0,0,0,0,0,0,0,0,,,,,,,,,,,,,,,,,,,,
6/7/16,June,2016,SDL,P-4,pickleweed,absent,pickleweed,SDL1,0,0,0,0,0,0,0,0,0,0,0,,,,,,,,,,,,,,,,,,,,
6/7/16,June,2016,SDL,P-5,pickleweed,absent,pickleweed,SDL1,0,0,0,0,0,0,0,0,0,0,0,,,,,,,,,,,,,,,,,,,,
6/7/16,June,2016,SDL,P-6,pickleweed,absent,pickleweed,SDL1,0,0,0,0,0,0,0,0,0,0,0,,,,,,,,,,,,,,,,,,,,
6/7/16,June,2016,SDL,P-7,pickleweed,absent,pickleweed,SDL1,0,0,0,0,0,0,0,0,0,0,0,,,,,,,,,,,,,,,,,,,,
6/7/16,June,2016,SDL,P-8,pickleweed,absent,pickleweed,SDL1,0,0,0,0,0,0,0,0,0,0,0,,,,,,,,,,,,,,,,,,,,
7/6/16,July,2016,SDL,P-1,pickleweed,absent,pickleweed,SDL1,0,0,0,0,0,0,0,0,0,0,0,0,,,58.8,29.938,40,0.48,0.894,,,,,,,,,,,,
7/6/16,July,2016,SDL,P-2,pickleweed,absent,pickleweed,SDL1,0,0,0,0,0,0,0,0,0,0,0,0,,,40.4,30.303,42,-0.626,0.741,,,,,,,,,,,,
7/6/16,July,2016,SDL,P-3,pickleweed,absent,pickleweed,SDL1,0,0,0,0,0,0,0,0,0,0,0,0,,,39.45,108.058,36,-0.262,1.016,,,,,,,,,,,,
7/6/16,July,2016,SDL,P-4,pickleweed,absent,pickleweed,SDL1,0,0,0,0,0,0,0,0,0,0,0,0,,,43.9,11.557,40,0.073,1.1,,,,,,,,,,,,
7/6/16,July,2016,SDL,P-5,pickleweed,absent,pickleweed,SDL1,0,0,0,0,0,0,0,0,0,0,0,0,,,50.9,76.183,40,-0.033,1.371,,,,,,,,,,,,
7/6/16,July,2016,SDL,P-6,pickleweed,absent,pickleweed,SDL1,0,0,0,0,0,0,0,0,0,0,0,0,,,44.1,91.792,45,-0.616,1.203,,,,,,,,,,,,
7/6/16,July,2016,SDL,P-7,pickleweed,absent,pickleweed,SDL1,0,0,0,0,0,0,0,0,0,0,0,0,,,49.95,7.764,46,-0.325,0.978,,,,,,,,,,,,
7/6/16,July,2016,SDL,P-8,pickleweed,absent,pickleweed,SDL1,0,0,0,0,0,0,0,0,0,0,0,0,,,37.55,32.783,50,-0.516,0.948,,,,,,,,,,,,
8/2/16,August,2016,SDL,P-1,pickleweed,absent,pickleweed,SDL1,0,0,0,0,0,0,0,0,0,0,0,,,,49.5,33.734,40,-1.236,0.8375,,,,,,,,,,,,
8/2/16,August,2016,SDL,P-2,pickleweed,absent,pickleweed,SDL1,0,0,0,0,0,0,0,0,0,0,0,,,,33,70.169,46,-1.521,0.8475,,,,,,,,,,,,
8/2/16,August,2016,SDL,P-3,pickleweed,absent,pickleweed,SDL1,0,0,0,0,0,0,0,0,0,0,0,,,,38,99.9,38,-1.228,0.7695,,,,,,,,,,,,
8/2/16,August,2016,SDL,P-4,pickleweed,absent,pickleweed,SDL1,0,0,0,0,0,0,0,0,0,0,0,,,,41,7.866,36,5.094,-0.251,,,,,,,,,,,,
8/2/16,August,2016,SDL,P-5,pickleweed,absent,pickleweed,SDL1,0,0,0,0,0,0,0,0,0,0,0,,,,36.5,123.685,41,-1.554,1.041,,,,,,,,,,,,
8/2/16,August,2016,SDL,P-6,pickleweed,absent,pickleweed,SDL1,0,0,0,0,0,0,0,0,0,0,0,,,,35.5,160.234,46,-0.772,1.198,,,,,,,,,,,,
8/2/16,August,2016,SDL,P-7,pickleweed,absent,pickleweed,SDL1,0,0,0,0,0,0,0,0,0,0,0,,,,43.5,34.453,46,-0.675,0.8325,,,,,,,,,,,,
8/2/16,August,2016,SDL,P-8,pickleweed,absent,pickleweed,SDL1,0,0,0,0,0,0,0,0,0,0,0,,,,36.75,147.092,52,-0.838,0.997,,,,,,,,,,,,
9/6/16,September,2016,SDL,P-1,pickleweed,absent,pickleweed,SDL1,0,0,0,0,0,0,0,0,0,0,0,0,,,49.25,20.747,46,0.091,0.906,,,167.7,0,0,0,0,167.7,,,,
9/6/16,September,2016,SDL,P-2,pickleweed,absent,pickleweed,SDL1,0,0,0,0,0,0,0,0,0,0,0,0,,,,110.392,50,-0.545,0.962,,,97.7,0,0,0,0,97.7,,,,
9/6/16,September,2016,SDL,P-3,pickleweed,absent,pickleweed,SDL1,0,0,0,0,0,0,0,0,0,0,0,0,,,,18.486,42,-0.16,0.454,,,97.5,0,0,0,0,97.5,,,,
9/6/16,September,2016,SDL,P-4,pickleweed,absent,pickleweed,SDL1,0,0,0,0,0,0,0,0,0,0,0,0,,,,11.046,46,-0.507,0.9745,,,255.8,0,0,0,0,255.8,,,,
9/6/16,September,2016,SDL,P-5,pickleweed,absent,pickleweed,SDL1,0,0,0,0,0,0,0,0,0,0,0,0,,,44.7,32.71,47,-0.651,1.043,,,367.1,0,0,0,0,367.1,,,,
9/6/16,September,2016,SDL,P-6,pickleweed,absent,pickleweed,SDL1,0,0,0,0,0,0,0,0,0,0,0,0,,,42.9,89.385,57,-0.873,1.178,,,294.7,0,0,0,0,294.7,,,,
9/6/16,September,2016,SDL,P-7,pickleweed,absent,pickleweed,SDL1,0,0,0,0,0,0,0,0,0,0,0,0,,,54.8,62.178,54,-0.969,1.1215,,,250.8,0,0,0,0,250.8,,,,
9/6/16,September,2016,SDL,P-8,pickleweed,absent,pickleweed,SDL1,0,0,0,0,0,0,0,0,0,0,0,0,,,48.2,126.804,57,0.053,1.0065,,,136.4,0,0,0,0,136.4,,,,
5/10/16,May,2016,SDL,P-1,pickleweed,absent,pickleweed,SDL1,0,0,0,0,0,0,0,0,0,0,0,0,,,57.3,,,,,,,,,,,,,,,,
5/10/16,May,2016,SDL,P-2,pickleweed,absent,pickleweed,SDL1,0,0,0,0,0,0,0,0,0,0,0,0,,,50.2,,,,,,,,,,,,,,,,
5/10/16,May,2016,SDL,P-3,pickleweed,absent,pickleweed,SDL1,0,0,0,0,0,0,0,0,0,0,0,0,,,54.8,,,,,,,,,,,,,,,,
5/10/16,May,2016,SDL,P-4,pickleweed,absent,pickleweed,SDL1,0,0,0,0,0,0,0,0,0,0,0,0,,,56,,,,,,,,,,,,,,,,
5/10/16,May,2016,SDL,P-5,pickleweed,absent,pickleweed,SDL1,0,0,0,0,0,0,0,0,0,0,0,0,,,55.65,,,,,,,,,,,,,,,,
5/10/16,May,2016,SDL,P-6,pickleweed,absent,pickleweed,SDL1,0,0,0,0,0,0,0,0,0,0,0,0,,,54.7,,,,,,,,,,,,,,,,
5/10/16,May,2016,SDL,P-7,pickleweed,absent,pickleweed,SDL1,0,0,0,0,0,0,0,0,0,0,0,0,,,61.55,,,,,,,,,,,,,,,,
5/10/16,May,2016,SDL,P-8,pickleweed,absent,pickleweed,SDL1,0,0,0,0,0,0,0,0,0,0,0,0,,,56.6,,,,,,,,,,,,,,,,
4/21/16,April,2016,KF,P-1,pickleweed,absent,pickleweed,KF1,0,0,0,0,0,0,0,0,0,0,0,0,,,35.05,,,,,,,,,,,,,,,,
4/21/16,April,2016,KF,P-2,pickleweed,absent,pickleweed,KF1,0,0,0,0,0,0,0,0,0,0,0,0,,,45.85,,,,,,,,,,,,,,,,
4/21/16,April,2016,KF,P-3,pickleweed,absent,pickleweed,KF1,0,0,0,0,0,0,0,0,0,0,0,0,,,33.9,,,,,,,,,,,,,,,,
4/21/16,April,2016,KF,P-4,pickleweed,absent,pickleweed,KF1,0,0,0,0,0,0,0,0,0,0,0,0,,,40.35,,,,,,,,,,,,,,,,
4/21/16,April,2016,KF,P-5,pickleweed,absent,pickleweed,KF1,0,0,0,0,0,0,0,0,0,0,0,0,,,31.7,,,,,,,,,,,,,,,,
4/21/16,April,2016,KF,P-6,pickleweed,absent,pickleweed,KF1,0,0,0,0,0,0,0,0,0,0,0,0,,,40.4,,,,,,,,,,,,,,,,
4/21/16,April,2016,KF,P-7,pickleweed,absent,pickleweed,KF1,0,0,0,0,0,0,0,0,0,0,0,0,,,35.45,,,,,,,,,,,,,,,,
8/14/17,August,2017,SDL,P+1,pickleweed,present,mixed,SDL2,27.5,64,58.5,39,58.5,56,63,29,48,58,50.15,36,2,,54,5.845,57,3.599,0.2235,,,,,,,,,,,,
8/14/17,August,2017,SDL,P+2,pickleweed,present,mixed,SDL2,75,76.5,48,46,32.5,29,48,46,45.5,48.5,49.5,31,6,,49,1.61,29,0.56,0.2395,,,,,,,,,,,,
8/14/17,August,2017,SDL,P+3,pickleweed,present,mixed,SDL2,80,40,76,64,51,83,44,52,61,70,62.1,35,4,,54.5,9.534,22,2.574,0.0645,,,,,,,,,,,,
8/14/17,August,2017,SDL,P+4,pickleweed,present,mixed,SDL2,87,45,26,55,56,48,69,76,75,30,56.7,29,1,,55.5,,,,,,,,,,,,,,,,
8/14/17,August,2017,SDL,P+5,pickleweed,present,mixed,SDL2,74.5,57.5,61,62,69.5,52.5,68.5,59,63,80,64.75,22,2,,50.5,7.485,30,1.02,0.1055,,,,,,,,,,,,
8/14/17,August,2017,SDL,P+6,pickleweed,present,mixed,SDL2,90,72,71.5,38.5,70,84,59,54.5,77,77.5,69.4,34,1,,53,,,,,,,,,,,,,,,,
8/14/17,August,2017,SDL,P+7,pickleweed,present,mixed,SDL2,52,39,38,45,30,52,46.5,55,44,57,45.85,23,4,,55,7.075,36,17.59,0.1775,,,,,,,,,,,,
8/14/17,August,2017,SDL,P+8,pickleweed,present,mixed,SDL2,46,37.5,50,44,43,63.5,39,35.5,27,40,42.55,35,2,,41.75,,,,,,,,,,,,,,,,
8/14/17,August,2017,SDL,P+9,pickleweed,present,mixed,SDL2,63,60,52,32.5,56,25,56.5,57,43,65.5,51.05,27,2,,53,3.25,30,-0.57,0.1385,,,,,,,,,,,,
8/14/17,August,2017,SDL,P+10,pickleweed,present,mixed,SDL2,91,81,82.5,85,72,41,52,37,87,61,68.95,47,1,,59.5,,,,,,,,,,,,,,,,
9/7/17,September,2017,SDL,P+10,pickleweed,present,mixed,SDL2,84.1,49.2,74.6,79,66.3,50.3,64.1,63,62.7,32.3,62.56,44,9,,48.85,3.036,,,,,,81.4081,,,146.9927,0.6736,229.0744,JAM,2.4319,21.061,23.4929
9/7/17,September,2017,SDL,P+9,pickleweed,present,mixed,SDL2,47.1,66.3,57.4,63.2,58.1,80.4,55.2,69.5,57.2,35.3,58.97,31,9,,44.65,6.525,20,0.984,0.1,,,110.2687,,,205.5779,0,315.8466,,,,0
9/7/17,September,2017,SDL,P+8,pickleweed,present,mixed,SDL2,32.4,57.1,59.4,54.7,40.2,72.8,56.3,47.4,38.1,58.3,51.67,42,20,,43.6,,,,,0.053917249,0.529015252,162.1833,,,123.6967,0,285.88,,,,0
9/7/17,September,2017,SDL,P+7,pickleweed,present,mixed,SDL2,66.8,55.7,26.5,52.3,63.1,56.7,48.4,52.5,51.6,29.3,50.29,34,17,,49.65,11.937,22,3.139,0.17,,,157.0965,,,85.6842,0,242.7807,,,,0
9/7/17,September,2017,SDL,P+6,pickleweed,present,mixed,SDL2,73.5,46.1,72.3,69.8,76.4,79.3,79.6,72,42.9,68.3,68.02,38,7,,43.85,9.445,23,2.857,0.1365,,,120.128,,,151.593,0,271.721,,6.1265,24.5301,30.6566
9/7/17,September,2017,SDL,P+5,pickleweed,present,mixed,SDL2,71.2,64.6,72.2,61.3,59.6,66.3,72.3,63.2,63.5,71.8,66.6,26,13,,43.35,10.014,25,2.115,0.0595,0.248398327,0.488247852,161.7161,,,176.1125,0,337.8286,,,,0
9/7/17,September,2017,SDL,P+1,pickleweed,present,mixed,SDL2,69.2,60.8,53.8,55.6,63,42.5,47.4,55.1,53.4,52.4,55.32,34,12,,51.65,13.717,40,1.903,0.133,,,70.4807,,,205.5779,0,276.0586,,,,0
9/7/17,September,2017,SDL,P+2,pickleweed,present,mixed,SDL2,61.4,54.7,28.5,61.8,55.2,67.4,33.9,67,47.3,49.1,52.63,21,6,,47.95,15.853,29,3.669,0.2385,,,143.572,,,100.771,0,244.343,,,,0
9/7/17,September,2017,SDL,P+3,pickleweed,present,mixed,SDL2,67.8,61.3,48.8,78.1,58.2,58.5,65.1,46.8,47,64.7,59.63,30,7,,61.05,18.63,28,8.439,0.093,0.050233406,0.33819648,167.5443,,,164.9351,0,332.4794,,,,0
9/7/17,September,2017,SDL,P+4,pickleweed,present,mixed,SDL2,54.9,48.3,48.9,13.9,60.8,29.7,35.6,38.4,34.8,41.3,40.66,29,6,,46.85,,,,,0.10822287,0.384759313,113.3139,,,92.9738,0,206.2877,,,,0
7/11/17,July,2017,SDL,P+1,pickleweed,present,mixed,SDL2,34.4,22.1,42.4,42.6,23.7,30.5,34.6,23.2,23.1,18.4,29.5,36,12,,45.6,1.538,42,2.256,0.1735,,,,,,,,,,,,
7/11/17,July,2017,SDL,P+2,pickleweed,present,mixed,SDL2,48.2,32.5,31.6,25,28.3,38.4,23.8,33.2,32.5,0,32.611,23,11,,50.25,22.423,18,-0.111,0.22,,,,,,,,,,,,
7/11/17,July,2017,SDL,P+3,pickleweed,present,mixed,SDL2,35.6,48.5,64,30,53.3,47.9,52.2,58,48.4,38.2,47.61,27,9,,47.75,3.394,38,6.036,0.167,,,,,,,,,,,,
7/11/17,July,2017,SDL,P+4,pickleweed,present,mixed,SDL2,43.4,17.2,38.4,46.9,56.1,49.2,43.5,23.9,18,25.1,36.17,17,7,,47.5,,,,,,,,,,,,,,,,
7/11/17,July,2017,SDL,P+5,pickleweed,present,mixed,SDL2,41.3,43.2,55.7,51.5,49.5,50.1,47,42.5,48.1,35.5,46.44,29,13,,46.25,0.532,43,2.327,0.111,,,,,,,,,,,,
7/11/17,July,2017,SDL,P+6,pickleweed,present,mixed,SDL2,47.5,40.6,53,48.2,58.4,64,63.2,42.1,60,61.9,53.89,29,13,,43.6,4.245,51,20.416,,,,,,,,,,,,,
7/11/17,July,2017,SDL,P+7,pickleweed,present,mixed,SDL2,34.5,32.6,26.1,31.5,27,41.2,34.3,18.5,34,40.6,32.03,23,14,,48.4,19.252,42,,0.1185,,,,,,,,,,,,
7/11/17,July,2017,SDL,P+8,pickleweed,present,mixed,SDL2,32.4,32.2,38.9,32.5,40,33.3,23.4,24.5,31.6,29.8,31.86,32,17,,51.3,,,,,,,,,,,,,,,,
7/11/17,July,2017,SDL,P+9,pickleweed,present,mixed,SDL2,39.2,27.3,22.4,38.5,32,30.5,42.3,49.6,30.7,42.1,35.46,31,21,,56.5,14.843,50,7.273,,,,,,,,,,,,,
7/11/17,July,2017,SDL,P+10,pickleweed,present,mixed,SDL2,37,46.8,58.9,37.2,57.6,52.1,39.5,52.3,43.1,49.4,47.39,42,13,,47.1,5.483,25,2.009,0.103,,,,,,,,,,,,
6/7/17,June,2017,SDL,P+1,pickleweed,present,mixed,SDL2,33,23,24.5,34.5,31,18.5,27,27.5,28,22,26.9,36,6,,51,,,,,,,,,,,,,,,,
6/7/17,June,2017,SDL,P+2,pickleweed,present,mixed,SDL2,29,27,29,31,26,25,27.5,27,19,25.5,26.6,25,8,,50.5,28.689,16,3.21,0.1815,,,,,,,,,,,,
6/7/17,June,2017,SDL,P+3,pickleweed,present,mixed,SDL2,49.5,42,39,45,50,37,41,38,31.5,51.5,42.45,24,5,,52.35,2.853,36,6.814,0.1385,,,,,,,,,,,,
6/7/17,June,2017,SDL,P+4,pickleweed,present,mixed,SDL2,31.5,36,30,39,37.5,30,32,19,36.5,38.5,33,15,9,,50,,,,,,,,,,,,,,,,
6/7/17,June,2017,SDL,P+5,pickleweed,present,mixed,SDL2,41.5,43,29,32,33,41,36,38,40.5,37,37.1,20,5,,57,-2.02,92,0.631,0.1065,,,,,,,,,,,,
6/7/17,June,2017,SDL,P+6,pickleweed,present,mixed,SDL2,46.5,34,50,46,49,44.5,45.5,54,46,35,45.05,19,2,,51.65,119.269,11,1.408,0.103,,,,,,,,,,,,
6/7/17,June,2017,SDL,P+7,pickleweed,present,mixed,SDL2,25.5,25.5,23.5,29,24.5,27,32.5,35.5,30,24,27.7,16,19,,61.9,11.981,16,3.74,0.109,,,,,,,,,,,,
6/7/17,June,2017,SDL,P+8,pickleweed,present,mixed,SDL2,26,29,32,20,26,20,26.5,25,26,36.5,26.7,35,20,,45.55,,,,,,,,,,,,,,,,
6/7/17,June,2017,SDL,P+9,pickleweed,present,mixed,SDL2,20.3,30,21,26.5,32,19.5,32,37,39,26,28.33,18,13,,64.4,4.941,76,2.291,0.1065,,,,,,,,,,,,
6/7/17,June,2017,SDL,P+10,pickleweed,present,mixed,SDL2,34.5,31,36.7,30,24.5,40,25.2,36,30.9,36.5,32.53,34,9,,53.7,34.722,21,2.715,0.146,,,,,,,,,,,,
5/10/17,May,2017,SDL,P+1,pickleweed,present,mixed,SDL2,16.2,19.4,28,21.4,27.1,42.4,22.4,27.1,13.9,10.1,22.8,49,11,,47.05,,,,,,,,,,,,,,,,
5/10/17,May,2017,SDL,P+2,pickleweed,present,mixed,SDL2,19.6,24.4,22.8,16.8,16.4,20.3,26.5,26.5,31,25.3,22.96,23,12,,48.9,,,,,,,,,,,,,,,,
5/10/17,May,2017,SDL,P+3,pickleweed,present,mixed,SDL2,37.5,31.4,15.3,30.2,28.1,37,42.8,23.3,41.5,25.1,31.22,25,15,,56.4,,,,,,,,,,,,,,,,
5/10/17,May,2017,SDL,P+4,pickleweed,present,mixed,SDL2,15.7,18.8,26.4,22.1,27.5,21.3,30.8,11.4,21.1,27.3,22.24,14,11,,54.15,,,,,,,,,,,,,,,,
5/10/17,May,2017,SDL,P+5,pickleweed,present,mixed,SDL2,34.6,24.7,29.3,35.5,37.5,32.8,33.1,30.4,26.4,30.6,31.49,25,8,,52.05,,,,,,,,,,,,,,,,
5/10/17,May,2017,SDL,P+6,pickleweed,present,mixed,SDL2,15.5,36.8,22.4,23,35.6,34.8,22.1,31.4,40.7,41.2,30.35,18,2,,50.4,,,,,,,,,,,,,,,,
5/10/17,May,2017,SDL,P+7,pickleweed,present,mixed,SDL2,23,22.5,24.5,15.6,22.7,28.2,26.1,20.4,19.6,27,22.96,17,12,,50.25,,,,,,,,,,,,,,,,
5/10/17,May,2017,SDL,P+8,pickleweed,present,mixed,SDL2,30.2,19.5,20.5,21,21.2,29.5,26.3,22.2,24.2,0,23.84,31,16,,46.05,,,,,,,,,,,,,,,,
5/10/17,May,2017,SDL,P+9,pickleweed,present,mixed,SDL2,26.5,33.5,17.5,32,36,34,34.5,29.4,36.4,33.3,31.31,26,19,,57.9,,,,,,,,,,,,,,,,
5/10/17,May,2017,SDL,P+10,pickleweed,present,mixed,SDL2,31.2,26.8,24.2,24.2,28.5,27.4,28.2,25.2,14.4,38.1,26.82,33,16,,49.35,,,,,,,,,,,,,,,,
5/26/16,May,2016,KF,P+1,pickleweed,present,mixed,KF1,8.1,27.4,19.9,25.4,24.2,28.3,27.3,27.2,24.3,17.2,22.93,16,,,36.1,,,,,,,,,,,,,,,,
5/26/16,May,2016,KF,P+2,pickleweed,present,mixed,KF1,26.9,13.8,22.7,21,18.6,19.3,19.2,7.9,15,24.8,18.92,16,,,39.4,,,,,,,,,,,,,,,,
5/26/16,May,2016,KF,P+3,pickleweed,present,mixed,KF1,11,18.3,12,14.3,3.2,12.7,16.3,15,16.6,19.8,13.92,19,,,37.4,,,,,,,,,,,,,,,,
5/26/16,May,2016,KF,P+4,pickleweed,present,mixed,KF1,12.5,17,15.9,11.4,14,17.1,12.6,13.8,19,12.1,14.54,18,,,37.35,,,,,,,,,,,,,,,,
5/26/16,May,2016,KF,P+5,pickleweed,present,mixed,KF1,19.1,19.6,12,15.2,17.9,16,11,15.9,14.6,14.8,15.61,24,,,38.9,,,,,,,,,,,,,,,,
5/26/16,May,2016,KF,P+6,pickleweed,present,mixed,KF1,13.5,14.1,19,18.1,11.1,16.5,21,18.8,15.3,13.2,16.06,21,,,38.2,,,,,,,,,,,,,,,,
5/26/16,May,2016,KF,P+7,pickleweed,present,mixed,KF1,18.9,14.8,16.9,20.8,18.6,18.2,24.1,18.4,14.2,18,18.29,19,,,30.3,,,,,,,,,,,,,,,,
6/23/16,June,2016,KF,P+1,pickleweed,present,mixed,KF1,38.4,33.5,36.5,31.5,6,29.4,36.2,37,31.2,23.1,30.28,,,,39.85,,,,,,,,,,,,,,,,
6/23/16,June,2016,KF,P+2,pickleweed,present,mixed,KF1,29.5,21.2,23.5,24.5,25.8,28.2,28.4,20.4,16.4,25.2,24.31,,,,44.2,,,,,,,,,,,,,,,,
6/23/16,June,2016,KF,P+3,pickleweed,present,mixed,KF1,14.2,19.3,14.5,18.5,17.3,20.4,16.5,25.5,23.9,20.5,19.06,,,,46.3,,,,,,,,,,,,,,,,
6/23/16,June,2016,KF,P+4,pickleweed,present,mixed,KF1,11.4,17.2,19.5,23.3,18.4,21,22.4,19.5,25.6,22.9,20.12,,,,38.15,,,,,,,,,,,,,,,,
6/23/16,June,2016,KF,P+5,pickleweed,present,mixed,KF1,24.3,20.5,14.6,17.5,22.4,16.6,10.5,26.3,16,19.5,18.82,,,,46.75,,,,,,,,,,,,,,,,
6/23/16,June,2016,KF,P+6,pickleweed,present,mixed,KF1,18.4,14.5,16.3,17.8,20.6,21.4,15.7,31,15.4,21.2,19.23,,,,45.6,,,,,,,,,,,,,,,,
6/23/16,June,2016,KF,P+7,pickleweed,present,mixed,KF1,24.8,15.4,24.2,23.7,15.4,25.5,24.6,20.7,20.4,31.8,22.65,,,,37.3,,,,,,,,,,,,,,,,
7/21/16,July,2016,KF,P+1,pickleweed,present,mixed,KF1,53.5,40,50,24.5,38.5,43.5,49.5,43.5,40,27.5,41.05,16,,,37.1,42.646,44,-0.449,0.8195,,,,,,,,,,,,
7/21/16,July,2016,KF,P+2,pickleweed,present,mixed,KF1,27.5,31,35,14.5,41,25.5,12.5,41,35.8,0,29.31,9,,,40.45,31.141,42,3.951,0.908,,,,,,,,,,,,
7/21/16,July,2016,KF,P+3,pickleweed,present,mixed,KF1,15.5,28,15,18,12.5,23,37.5,20,0,0,21.187,8,,,30,34.491,39,2.426,0.931,,,,,,,,,,,,
7/21/16,July,2016,KF,P+4,pickleweed,present,mixed,KF1,27,23,29.5,19,18.5,22,0,0,0,0,23.1667,6,,,34,52.74,37,0.163,0.978,,,,,,,,,,,,
7/21/16,July,2016,KF,P+5,pickleweed,present,mixed,KF1,35,9,15,30,19.5,28,26.5,23,14.5,23,22.35,20,,,39.5,15.096,39,0.234,0.2065,,,,,,,,,,,,
7/21/16,July,2016,KF,P+6,pickleweed,present,mixed,KF1,16.6,19.2,26.9,19.4,28.6,19.2,37.4,31.3,34.6,9.6,24.28,14,,,44.9,203.404,40,-0.262,0.521,,,,,,,,,,,,
7/21/16,July,2016,KF,P+7,pickleweed,present,mixed,KF1,28.1,7.6,32.6,24.4,32.6,25.4,23.2,38.7,24.1,29.8,26.65,23,,,19.5,31.032,39,-0.315,0.7645,,,,,,,,,,,,
8/16/16,August,2016,KF,P+1,pickleweed,present,mixed,KF1,71.5,98.5,67.5,66,63,37,54,87,43,30,61.75,15,,,34.85,30.76,39,3.316,0.8685,,,,,,,,,,,,
8/16/16,August,2016,KF,P+2,pickleweed,present,mixed,KF1,38,67,18.5,50,26,39,49,64.5,54.5,38.5,44.5,10,,,42.9,11.803,40,3.203,0.9625,,,,,,,,,,,,
8/16/16,August,2016,KF,P+3,pickleweed,present,mixed,KF1,41,5.5,63.5,20,20,10,0,0,0,0,26.667,6,,,26.9,20.365,36,3.788,0.918,,,,,,,,,,,,
8/16/16,August,2016,KF,P+4,pickleweed,present,mixed,KF1,32.5,45.5,8,10,37.5,0,0,0,0,0,26.7,5,,,28.3,38.098,40,2.751,0.837,,,,,,,,,,,,
8/16/16,August,2016,KF,P+5,pickleweed,present,mixed,KF1,44.6,25.2,20.2,25.3,36.4,29.8,34.5,27.6,19.4,13.7,27.67,20,,,53.4,29.537,35,3.316,0.1335,,,,,,,,,,,,
8/16/16,August,2016,KF,P+6,pickleweed,present,mixed,KF1,36.2,36.2,22.9,7.8,25.4,51.4,27.5,49.2,0,0,32.075,8,,,46.85,23.957,35,2.72,0.441,,,,,,,,,,,,
8/16/16,August,2016,KF,P+7,pickleweed,present,mixed,KF1,8.4,23.9,52.7,43.1,36.2,51.6,28.1,55.8,49.1,27.9,37.68,21,,,36.4,14.708,37,1.201,0.8945,,,,,,,,,,,,
9/8/16,September,2016,KF,P+1,pickleweed,present,mixed,KF1,68.1,40,57.2,15.1,71,46.9,68.8,47.7,73,7.9,49.57,17,,,31,-4.019,49,0.255,0.9155,,,107.6,111,6.5,117.5,0,225.1,,,,
9/8/16,September,2016,KF,P+2,pickleweed,present,mixed,KF1,60,69.9,43.8,74.9,24.5,10.4,33.8,65,29.5,47.6,45.94,11,,,40.4,27.924,47,3.712,0.9905,,,170.5,56.3,12,68.3,0,238.8,,,,
9/8/16,September,2016,KF,P+3,pickleweed,present,mixed,KF1,10,9.1,68,21.8,66.1,9.1,8.4,4.8,0,0,24.6625,8,,,29.5,24.706,46,4.147,1.0525,,,243,19.7,42.3,62,0,305,,,,
9/8/16,September,2016,KF,P+4,pickleweed,present,mixed,KF1,51.3,5.2,16.5,37.3,4.5,9.2,0,0,0,0,20.6667,6,,,27.1,47.495,50,-0.298,0.784,,,185.4,14.4,29.6,44,0,229.4,,,,
9/8/16,September,2016,KF,P+5,pickleweed,present,mixed,KF1,53.8,24.5,18.3,30.2,49.6,61.5,47.8,41.5,24.3,39.3,39.08,22,,,52.6,14.303,45,0.545,0.348,,,103.8,68.9,22.3,91.2,0,195,,,,
9/8/16,September,2016,KF,P+6,pickleweed,present,mixed,KF1,67.2,71,14.1,52.8,29.5,48.5,36.8,38.5,10.5,11,37.99,18,,,39.1,-6.312,45,-0.699,0.3645,,,43.3,50.7,39.8,90.5,0,133.8,,,,
9/8/16,September,2016,KF,P+7,pickleweed,present,mixed,KF1,15.4,67.8,61,37.2,50.4,67.3,27.2,57.2,68.4,34.2,48.61,26,,,36.1,-4.478,42,-0.439,0.738,,,52.5,113.2,26.6,139.8,0,192.3,,,,
6/7/16,June,2016,SDL,P+1,pickleweed,present,mixed,SDL1,30.5,37,15.5,31,36,18,28,25,20,31,27.2,,,,50.75,,,,,,,,,,,,,,,,
6/7/16,June,2016,SDL,P+2,pickleweed,present,mixed,SDL1,14.5,11.5,12,21.5,19.5,14,21,13,23,34,18.4,,,,48.9,,,,,,,,,,,,,,,,
6/7/16,June,2016,SDL,P+3,pickleweed,present,mixed,SDL1,31,27.5,18,32,21,31,28,20,22,26.5,25.7,,,,61.5,,,,,,,,,,,,,,,,
6/7/16,June,2016,SDL,P+4,pickleweed,present,mixed,SDL1,19.5,36.5,15,27,19.5,30.5,34,30,19.5,25.5,25.7,,,,50.2,,,,,,,,,,,,,,,,
6/7/16,June,2016,SDL,P+5,pickleweed,present,mixed,SDL1,33,17,42,27,23,21,18.5,36.5,29.5,32,27.95,,,,46.35,,,,,,,,,,,,,,,,
6/7/16,June,2016,SDL,P+6,pickleweed,present,mixed,SDL1,24.5,40,16,41,21.5,43,18,36,22,40,30.2,,,,58.5,,,,,,,,,,,,,,,,
6/7/16,June,2016,SDL,P+7,pickleweed,present,mixed,SDL1,27.5,17,13,18.5,10,13.5,28,17,12.5,18.5,17.55,,,,40.6,,,,,,,,,,,,,,,,
6/7/16,June,2016,SDL,P+8,pickleweed,present,mixed,SDL1,26.5,21,15.5,23,25,21.5,12,16.5,29.5,27,21.75,,,,57.95,,,,,,,,,,,,,,,,
7/6/16,July,2016,SDL,P+1,pickleweed,present,mixed,SDL1,51.1,45.7,18.2,24.3,18.5,45.9,52.6,30.5,15.2,32.8,33.48,24,,,58.2,3.096,34,0.226,0.8365,,,,,,,,,,,,
7/6/16,July,2016,SDL,P+2,pickleweed,present,mixed,SDL1,27.1,25.2,26.3,33.1,18.2,24.3,15.1,37.9,25,34.9,26.71,23,,,50.05,18.34,40,1.007,1.001,,,,,,,,,,,,
7/6/16,July,2016,SDL,P+3,pickleweed,present,mixed,SDL1,30.2,29.4,32.1,22.4,27.6,20.4,20.3,20.4,24.5,27.9,25.52,23,,,52.55,,43,,,,,,,,,,,,,,
7/6/16,July,2016,SDL,P+4,pickleweed,present,mixed,SDL1,39.8,24.9,23.7,36.2,19.5,22.8,32.7,9.5,44.1,23.6,27.68,19,,,49.05,0.032,35,-0.111,1.0765,,,,,,,,,,,,
7/6/16,July,2016,SDL,P+5,pickleweed,present,mixed,SDL1,44.8,20,13,38.8,27.9,53.5,39,40.8,36.9,30.5,34.52,13,,,47.8,49.267,47,-0.352,0.9945,,,,,,,,,,,,
7/6/16,July,2016,SDL,P+6,pickleweed,present,mixed,SDL1,50.5,41.8,43,43,22,50,31.5,17,34,26.8,35.96,21,,,48,18.559,45,-0.516,0.945,,,,,,,,,,,,
7/6/16,July,2016,SDL,P+7,pickleweed,present,mixed,SDL1,44.5,26,19.5,20,22,23.6,23,12.5,17.2,18,22.63,29,,,48.25,93.178,43,2.946,1.068,,,,,,,,,,,,
7/6/16,July,2016,SDL,P+8,pickleweed,present,mixed,SDL1,20.5,15,25,29.3,14.8,23.5,24,17,24.5,24.5,21.81,18,,,55.35,20.164,45,-0.295,0.964,,,,,,,,,,,,
8/2/16,August,2016,SDL,P+1,pickleweed,present,mixed,SDL1,90,82,32,28,51,90,63.5,57,76,38,60.75,,,,47.75,81.38,36,-1.261,0.6125,,,,,,,,,,,,
8/2/16,August,2016,SDL,P+2,pickleweed,present,mixed,SDL1,31,78.5,34,47,38,69,51,80,28,21,47.75,,,,45,38.809,40,-1.261,0.389,,,,,,,,,,,,
8/2/16,August,2016,SDL,P+3,pickleweed,present,mixed,SDL1,41,19,23.5,41,42.5,27,37,50,36,24,34.1,,,,42,30.78,50,-1.163,0.8435,,,,,,,,,,,,
8/2/16,August,2016,SDL,P+4,pickleweed,present,mixed,SDL1,35,46,32,46.5,49,21.5,17,49,30,28,35.4,,,,47,33.734,38,-1.472,0.868,,,,,,,,,,,,
8/2/16,August,2016,SDL,P+5,pickleweed,present,mixed,SDL1,50,43.5,61,60.5,38.5,42.5,55.5,67,79.5,63.5,56.15,,,,38,95.355,46,-1.952,0.472,,,,,,,,,,,,
8/2/16,August,2016,SDL,P+6,pickleweed,present,mixed,SDL1,42,37.8,59,41,33,30,81,52,29,53,45.78,,,,36.5,92.818,47,-1.269,0.6205,,,,,,,,,,,,
8/2/16,August,2016,SDL,P+7,pickleweed,present,mixed,SDL1,32.5,31,25,17,25,30.5,25,32.5,18,28,26.45,,,,47,,41,-2.204,0.7275,,,,,,,,,,,,
8/2/16,August,2016,SDL,P+8,pickleweed,present,mixed,SDL1,17.5,47,20,37.8,25,33,30,27,30,16.5,28.38,,,,39,43.657,48,-1.863,0.898,,,,,,,,,,,,
9/6/16,September,2016,SDL,P+1,pickleweed,present,mixed,SDL1,64.4,82.7,115.3,107.4,77.2,52.1,112.9,102.5,101.8,96.6,91.29,16,,,49.75,34.023,42,7.921,0.9815,,,129.7,146.9,47.9,194.8,0,324.5,,,,
9/6/16,September,2016,SDL,P+2,pickleweed,present,mixed,SDL1,92.1,63.4,49,69.2,108.1,81.5,37.1,65.3,94,88.2,74.79,18,,,48.7,15.787,48,7.419,0.9365,,,176.7,154.7,71.2,225.9,0,402.6,,,,
9/6/16,September,2016,SDL,P+3,pickleweed,present,mixed,SDL1,83.4,40.2,63.5,41.7,59.8,37.3,52.4,82.5,80.2,46.3,58.73,24,,,60.1,3.606,54,7.12,1.0055,,,180.1,118.2,14.8,133,0,313.1,,,,
9/6/16,September,2016,SDL,P+4,pickleweed,present,mixed,SDL1,33.5,62.6,37.1,38.5,24,97.4,63.6,71,25.2,27.5,48.04,29,,,,-0.479,45,6.831,1.152,,,220.7,67.6,13.5,81.1,0,301.8,,,,
9/6/16,September,2016,SDL,P+5,pickleweed,present,mixed,SDL1,86.2,41.5,80.2,73,68.7,22.5,51.1,40,50.3,61.2,57.47,24,,,42.5,20.018,55,6.802,1.1545,,,276.4,81.4,4.4,85.8,0,362.2,,,,
9/6/16,September,2016,SDL,P+6,pickleweed,present,mixed,SDL1,94.7,39,57.3,35.5,78,80.2,62.9,46.7,68.6,72.3,63.52,21,,,52.4,15.204,52,7.467,1.101,,,131.4,99.9,6.5,106.4,0,237.8,,,,
9/6/16,September,2016,SDL,P+7,pickleweed,present,mixed,SDL1,65.4,38.2,33.4,37,31,24.5,47.3,69.6,57.5,32.7,43.66,38,,,54.85,83.039,51,6.58,1.241,,,296.7,107.8,22.3,130.1,0,426.8,,,,
9/6/16,September,2016,SDL,P+8,pickleweed,present,mixed,SDL1,21.3,38,49,51.7,50.4,41.6,30.2,29.3,35.1,40.1,38.67,23,,,53.75,40.441,55,7.612,1.153,,,353.5,83.3,52.9,136.2,0,489.7,,,,
5/10/16,May,2016,SDL,P+1,pickleweed,present,mixed,SDL1,19,9.6,22.7,8.4,21.7,9.6,17.4,22.7,26.6,10.2,16.79,14,,,52.75,,,,,,,,,,,,,,,,
5/10/16,May,2016,SDL,P+2,pickleweed,present,mixed,SDL1,11.4,18.6,20.7,12.4,11.1,12.9,17.9,9.8,16.4,11,14.22,26,,,52.75,,,,,,,,,,,,,,,,
5/10/16,May,2016,SDL,P+3,pickleweed,present,mixed,SDL1,10,9.2,18.6,21.1,17.4,10,24.4,11.5,17.4,13.6,15.32,23,,,60.4,,,,,,,,,,,,,,,,
5/10/16,May,2016,SDL,P+4,pickleweed,present,mixed,SDL1,16.8,25.4,22.1,20.4,18.3,13.4,12.3,26.4,16,8.9,18,20,,,49.8,,,,,,,,,,,,,,,,
5/10/16,May,2016,SDL,P+5,pickleweed,present,mixed,SDL1,26.1,13.3,34.9,15.6,13.9,23.4,20.7,17.6,25.4,27.3,21.82,10,,,51.45,,,,,,,,,,,,,,,,
5/10/16,May,2016,SDL,P+6,pickleweed,present,mixed,SDL1,17.2,14.1,20.8,17.1,26.4,24.5,22.8,28.4,12.8,12.4,19.65,17,,,55.4,,,,,,,,,,,,,,,,
5/10/16,May,2016,SDL,P+7,pickleweed,present,mixed,SDL1,23.8,18,9.6,18.9,12.4,17.6,17.9,13,10.1,11.4,15.27,27,,,60,,,,,,,,,,,,,,,,
5/10/16,May,2016,SDL,P+8,pickleweed,present,mixed,SDL1,35.4,22.3,11.5,21.4,16.5,8.2,22.8,17.3,33.5,11.6,20.05,15,,,63.75,,,,,,,,,,,,,,,,
4/21/16,April,2016,KF,P+1,pickleweed,present,mixed,KF1,16.2,12.7,19.3,25.1,6.7,21.2,18.4,27.5,21.9,12.6,18.16,14,,,34.45,,,,,,,,,,,,,,,,
4/21/16,April,2016,KF,P+2,pickleweed,present,mixed,KF1,21.2,18.3,17.9,19.8,21.7,16.7,16.6,17.4,8.1,13.6,17.13,12,,,41.45,,,,,,,,,,,,,,,,
4/21/16,April,2016,KF,P+3,pickleweed,present,mixed,KF1,18.8,22.6,16.3,16.4,12,10.4,12.8,18.9,18.4,16.7,16.33,23,,,39.65,,,,,,,,,,,,,,,,
4/21/16,April,2016,KF,P+4,pickleweed,present,mixed,KF1,17,11.4,16.8,20.1,18.1,16.8,15.2,13.2,17.1,11.8,15.75,17,,,37.55,,,,,,,,,,,,,,,,
4/21/16,April,2016,KF,P+5,pickleweed,present,mixed,KF1,13.6,10,13.4,9.5,15.7,15.4,19.4,14.1,19.4,14.1,14.46,23,,,41.35,,,,,,,,,,,,,,,,
4/21/16,April,2016,KF,P+6,pickleweed,present,mixed,KF1,9.9,14,13.4,10.5,19.3,18,16.1,24.4,15.4,21.8,16.28,20,,,37.6,,,,,,,,,,,,,,,,
4/21/16,April,2016,KF,P+7,pickleweed,present,mixed,KF1,14.4,16.8,20.4,14.9,13.5,14.2,18.4,14.5,13.7,10.4,15.12,26,,,35.85,,,,,,,,,,,,,,,,